0,29.4286638800671,0
0.01,29.4286571827381,0
0.02,29.4286504518385,0
0.03,29.4286436872002,0
0.04,29.428636888654,0
0.05,29.42863005603,0
0.06,29.4286231891572,0
0.07,29.4286162878642,0
0.08,29.4286093519782,0
0.09,29.428602381326,0
0.1,29.4285953757332,0
0.11,29.4285883350248,0
0.12,29.4285812590247,0
0.13,29.4285741475559,0
0.14,29.4285670004408,0
0.15,29.4285598175006,0
0.16,29.4285525985558,0
0.17,29.4285453434259,0
0.18,29.4285380519295,0
0.19,29.4285307238843,0
0.2,29.4285233591071,0
0.21,29.4285159574138,0
0.22,29.4285085186194,0
0.23,29.4285010425379,0
0.24,29.4284935289823,0
0.25,29.4284859777649,0
0.26,29.4284783886969,0
0.27,29.4284707615885,0
0.28,29.428463096249,0
0.29,29.4284553924869,0
0.3,29.4284476501096,0
0.31,29.4284398689233,0
0.32,29.4284320487338,0
0.33,29.4284241893454,0
0.34,29.4284162905616,0
0.35,29.428408352185,0
0.36,29.4284003740171,0
0.37,29.4283923558585,0
0.38,29.4283842975087,0
0.39,29.4283761987663,0
0.4,29.4283680594287,0
0.41,29.4283598792926,0
0.42,29.4283516581533,0
0.43,29.4283433958054,0
0.44,29.4283350920423,0
0.45,29.4283267466565,0
0.46,29.4283183594392,0
0.47,29.4283099301808,0
0.48,29.4283014586706,0
0.49,29.4282929446967,0
0.5,29.4282843880464,0
0.51,29.4282757885057,0
0.52,29.4282671458596,0
0.53,29.4282584598921,0
0.54,29.428249730386,0
0.55,29.428240957123,0
0.56,29.4282321398839,0
0.57,29.4282232784482,0
0.58,29.4282143725944,0
0.59,29.4282054220997,0
0.6,29.4281964267406,0
0.61,29.428187386292,0
0.62,29.428178300528,0
0.63,29.4281691692214,0
0.64,29.4281599921439,0
0.65,29.4281507690661,0
0.66,29.4281414997575,0
0.67,29.4281321839863,0
0.68,29.4281228215196,0
0.69,29.4281134121233,0
0.7,29.4281039555622,0
0.71,29.4280944515999,0
0.72,29.4280848999988,0
0.73,29.4280753005201,0
0.74,29.4280656529238,0
0.75,29.4280559569687,0
0.76,29.4280462124125,0
0.77,29.4280364190114,0
0.78,29.4280265765208,0
0.79,29.4280166846944,0
0.8,29.4280067432851,0
0.81,29.4279967520442,0
0.82,29.427986710722,0
0.83,29.4279766190675,0
0.84,29.4279664768284,0
0.85,29.4279562837511,0
0.86,29.4279460395808,0
0.87,29.4279357440613,0
0.88,29.4279253969354,0
0.89,29.4279149979442,0
0.9,29.4279045468279,0
0.91,29.4278940433252,0
0.92,29.4278834871734,0
0.93,29.4278728781088,0
0.94,29.4278622158659,0
0.95,29.4278515001783,0
0.96,29.4278407307782,0
0.97,29.4278299073961,0
0.98,29.4278190297617,0
0.99,29.4278080976029,0
1,29.4277971106464,0
1.01,29.4277860686176,0
1.02,29.4277749712403,0
1.03,29.4277638182373,0
1.04,29.4277526093295,0
1.05,29.4277413442369,0
1.06,29.4277300226778,0
1.07,29.4277186443691,0
1.08,29.4277072090264,0
1.09,29.4276957163638,0
1.1,29.427684166094,0
1.11,29.4276725579283,0
1.12,29.4276608915764,0
1.13,29.4276491667466,0
1.14,29.4276373831459,0
1.15,29.4276255404796,0
1.16,29.4276136384517,0
1.17,29.4276016767647,0
1.18,29.4275896551194,0
1.19,29.4275775732155,0
1.2,29.4275654307507,0
1.21,29.4275532274215,0
1.22,29.4275409629229,0
1.23,29.4275286369483,0
1.24,29.4275162491894,0
1.25,29.4275037993367,0
1.26,29.4274912870788,0
1.27,29.427478712103,0
1.28,29.4274660740948,0
1.29,29.4274533727383,0
1.3,29.4274406077161,0
1.31,29.4274277787088,0
1.32,29.427414885396,0
1.33,29.4274019274551,0
1.34,29.4273889045623,0
1.35,29.4273758163919,0
1.36,29.4273626626168,0
1.37,29.4273494429082,0
1.38,29.4273361569355,0
1.39,29.4273228043666,0
1.4,29.4273093848676,0
1.41,29.4272958981031,0
1.42,29.427282343736,0
1.43,29.4272687214272,0
1.44,29.4272550308364,0
1.45,29.4272412716212,0
1.46,29.4272274434377,0
1.47,29.4272135459401,0
1.48,29.427199578781,0
1.49,29.4271855416112,0
1.5,29.4271714340798,0
1.51,29.4271572558342,0
1.52,29.4271430065197,0
1.53,29.4271286857803,0
1.54,29.4271142932579,0
1.55,29.4270998285927,0
1.56,29.427085291423,0
1.57,29.4270706813854,0
1.58,29.4270559981148,0
1.59,29.4270412412439,0
1.6,29.4270264104039,0
1.61,29.4270115052241,0
1.62,29.4269965253317,0
1.63,29.4269814703522,0
1.64,29.4269663399094,0
1.65,29.4269511336249,0
1.66,29.4269358511186,0
1.67,29.4269204920084,0
1.68,29.4269050559104,0
1.69,29.4268895424386,0
1.7,29.4268739512052,0
1.71,29.4268582818204,0
1.72,29.4268425338925,0
1.73,29.4268267070277,0
1.74,29.4268108008305,0
1.75,29.4267948149032,0
1.76,29.426778748846,0
1.77,29.4267626022574,0
1.78,29.4267463747337,0
1.79,29.4267300658692,0
1.8,29.4267136752561,0
1.81,29.4266972024848,0
1.82,29.4266806471434,0
1.83,29.4266640088179,0
1.84,29.4266472870925,0
1.85,29.4266304815492,0
1.86,29.4266135917676,0
1.87,29.4265966173257,0
1.88,29.4265795577991,0
1.89,29.4265624127612,0
1.9,29.4265451817835,0
1.91,29.4265278644351,0
1.92,29.4265104602831,0
1.93,29.4264929688925,0
1.94,29.4264753898259,0
1.95,29.4264577226439,0
1.96,29.4264399669048,0
1.97,29.4264221221646,0
1.98,29.4264041879774,0
1.99,29.4263861638946,0
2,29.4263680494657,0
2.01,29.4263498442379,0
2.02,29.426331547756,0
2.03,29.4263131595626,0
2.04,29.426294679198,0
2.05,29.4262761062002,0
2.06,29.4262574401049,0
2.07,29.4262386804453,0
2.08,29.4262198267526,0
2.09,29.4262008785553,0
2.1,29.4261818353799,0
2.11,29.4261626967501,0
2.12,29.4261434621875,0
2.13,29.4261241312112,0
2.14,29.4261047033381,0
2.15,29.4260851780823,0
2.16,29.4260655549558,0
2.17,29.4260458334679,0
2.18,29.4260260131257,0
2.19,29.4260060934336,0
2.2,29.4259860738936,0
2.21,29.4259659540053,0
2.22,29.4259457332656,0
2.23,29.425925411169,0
2.24,29.4259049872075,0
2.25,29.4258844608705,0
2.26,29.4258638316447,0
2.27,29.4258430990146,0
2.28,29.4258222624617,0
2.29,29.4258013214651,0
2.3,29.4257802755014,0
2.31,29.4257591240443,0
2.32,29.4257378665651,0
2.33,29.4257165025324,0
2.34,29.425695031412,0
2.35,29.4256734526671,0
2.36,29.4256517657584,0
2.37,29.4256299701435,0
2.38,29.4256080652777,0
2.39,29.4255860506133,0
2.4,29.4255639255999,0
2.41,29.4255416896845,0
2.42,29.425519342311,0
2.43,29.4254968829209,0
2.44,29.4254743109526,0
2.45,29.4254516258418,0
2.46,29.4254288270215,0
2.47,29.4254059139216,0
2.48,29.4253828859693,0
2.49,29.4253597425889,0
2.5,29.4253364832018,0
2.51,29.4253131072266,0
2.52,29.4252896140788,0
2.53,29.4252660031711,0
2.54,29.4252422739133,0
2.55,29.425218425712,0
2.56,29.4251944579712,0
2.57,29.4251703700915,0
2.58,29.4251461614709,0
2.59,29.425121831504,0
2.6,29.4250973795826,0
2.61,29.4250728050955,0
2.62,29.4250481074283,0
2.63,29.4250232859635,0
2.64,29.4249983400806,0
2.65,29.4249732691559,0
2.66,29.4249480725627,0
2.67,29.424922749671,0
2.68,29.4248972998478,0
2.69,29.4248717224569,0
2.7,29.4248460168587,0
2.71,29.4248201824107,0
2.72,29.424794218467,0
2.73,29.4247681243785,0
2.74,29.4247418994928,0
2.75,29.4247155431543,0
2.76,29.4246890547041,0
2.77,29.4246624334801,0
2.78,29.4246356788165,0
2.79,29.4246087900447,0
2.8,29.4245817664924,0
2.81,29.4245546074839,0
2.82,29.4245273123403,0
2.83,29.4244998803793,0
2.84,29.4244723109149,0
2.85,29.4244446032581,0
2.86,29.424416756716,0
2.87,29.4243887705926,0
2.88,29.4243606441882,0
2.89,29.4243323767995,0
2.9,29.42430396772,0
2.91,29.4242754162394,0
2.92,29.4242467216439,0
2.93,29.4242178832161,0
2.94,29.4241889002351,0
2.95,29.4241597719763,0
2.96,29.4241304977115,0
2.97,29.4241010767089,0
2.98,29.4240715082328,0
2.99,29.4240417915442,0
3,29.4240119259,0
3.01,29.4239819105537,0
3.02,29.4239517447548,0
3.03,29.4239214277492,0
3.04,29.423890958779,0
3.05,29.4238603370825,0
3.06,29.423829561894,0
3.07,29.4237986324443,0
3.08,29.4237675479601,0
3.09,29.4237363076642,0
3.1,29.4237049107757,0
3.11,29.4236733565097,0
3.12,29.4236416440772,0
3.13,29.4236097726855,0
3.14,29.4235777415378,0
3.15,29.4235455498333,0
3.16,29.4235131967672,0
3.17,29.4234806815307,0
3.18,29.4234480033109,0
3.19,29.4234151612908,0
3.2,29.4233821546494,0
3.21,29.4233489825616,0
3.22,29.4233156441979,0
3.23,29.423282138725,0
3.24,29.4232484653052,0
3.25,29.4232146230968,0
3.26,29.4231806112535,0
3.27,29.4231464289251,0
3.28,29.4231120752572,0
3.29,29.4230775493907,0
3.3,29.4230428504626,0
3.31,29.4230079776055,0
3.32,29.4229729299474,0
3.33,29.4229377066121,0
3.34,29.4229023067192,0
3.35,29.4228667293836,0
3.36,29.4228309737158,0
3.37,29.422795038822,0
3.38,29.4227589238039,0
3.39,29.4227226277584,0
3.4,29.4226861497782,0
3.41,29.4226494889514,0
3.42,29.4226126443615,0
3.43,29.4225756150872,0
3.44,29.422538400203,0
3.45,29.4225009987784,0
3.46,29.4224634098783,0
3.47,29.4224256325631,0
3.48,29.4223876658883,0
3.49,29.4223495089048,0
3.5,29.4223111606586,0
3.51,29.422272620191,0
3.52,29.4222338865385,0
3.53,29.4221949587328,0
3.54,29.4221558358007,0
3.55,29.422116516764,0
3.56,29.4220770006398,0
3.57,29.4220372864403,0
3.58,29.4219973731724,0
3.59,29.4219572598385,0
3.6,29.4219169454357,0
3.61,29.4218764289561,0
3.62,29.4218357093868,0
3.63,29.4217947857098,0
3.64,29.421753656902,0
3.65,29.4217123219352,0
3.66,29.421670779776,0
3.67,29.4216290293859,0
3.68,29.4215870697211,0
3.69,29.4215448997326,0
3.7,29.4215025183661,0
3.71,29.4214599245622,0
3.72,29.4214171172559,0
3.73,29.4213740953771,0
3.74,29.4213308578503,0
3.75,29.4212874035944,0
3.76,29.4212437315232,0
3.77,29.4211998405448,0
3.78,29.421155729562,0
3.79,29.4211113974719,0
3.8,29.4210668431663,0
3.81,29.4210220655314,0
3.82,29.4209770634476,0
3.83,29.4209318357899,0
3.84,29.4208863814276,0
3.85,29.4208406992244,0
3.86,29.4207947880382,0
3.87,29.4207486467213,0
3.88,29.42070227412,0
3.89,29.4206556690751,0
3.9,29.4206088304214,0
3.91,29.420561756988,0
3.92,29.420514447598,0
3.93,29.4204669010687,0
3.94,29.4204191162115,0
3.95,29.4203710918316,0
3.96,29.4203228267286,0
3.97,29.4202743196957,0
3.98,29.4202255695203,0
3.99,29.4201765749836,0
4,29.4201273348608,0
4.01,29.4200778479209,0
4.02,29.4200281129266,0
4.03,29.4199781286347,0
4.04,29.4199278937954,0
4.05,29.4198774071529,0
4.06,29.4198266674451,0
4.07,29.4197756734035,0
4.08,29.4197244237532,0
4.09,29.4196729172129,0
4.1,29.419621152495,0
4.11,29.4195691283054,0
4.12,29.4195168433434,0
4.13,29.419464296302,0
4.14,29.4194114858675,0
4.15,29.4193584107195,0
4.16,29.4193050695313,0
4.17,29.4192514609692,0
4.18,29.4191975836931,0
4.19,29.419143436356,0
4.2,29.4190890176043,0
4.21,29.4190343260774,0
4.22,29.4189793604082,0
4.23,29.4189241192223,0
4.24,29.4188686011389,0
4.25,29.4188128047699,0
4.26,29.4187567287205,0
4.27,29.4187003715886,0
4.28,29.4186437319655,0
4.29,29.4185868084351,0
4.3,29.4185295995743,0
4.31,29.4184721039529,0
4.32,29.4184143201335,0
4.33,29.4183562466715,0
4.34,29.4182978821151,0
4.35,29.4182392250051,0
4.36,29.4181802738751,0
4.37,29.4181210272513,0
4.38,29.4180614836527,0
4.39,29.4180016415904,0
4.4,29.4179414995686,0
4.41,29.4178810560837,0
4.42,29.4178203096245,0
4.43,29.4177592586724,0
4.44,29.4176979017012,0
4.45,29.4176362371769,0
4.46,29.4175742635578,0
4.47,29.4175119792947,0
4.48,29.4174493828304,0
4.49,29.4173864726001,0
4.5,29.4173232470309,0
4.51,29.4172597045422,0
4.52,29.4171958435454,0
4.53,29.4171316624441,0
4.54,29.4170671596337,0
4.55,29.4170023335016,0
4.56,29.4169371824271,0
4.57,29.4168717047816,0
4.58,29.4168058989279,0
4.59,29.4167397632211,0
4.6,29.4166732960076,0
4.61,29.4166064956259,0
4.62,29.4165393604058,0
4.63,29.4164718886691,0
4.64,29.4164040787289,0
4.65,29.4163359288899,0
4.66,29.4162674374484,0
4.67,29.4161986026922,0
4.68,29.4161294229003,0
4.69,29.4160598963432,0
4.7,29.4159900212829,0
4.71,29.4159197959723,0
4.72,29.4158492186559,0
4.73,29.4157782875693,0
4.74,29.415707000939,0
4.75,29.4156353569831,0
4.76,29.4155633539103,0
4.77,29.4154909899207,0
4.78,29.415418263205,0
4.79,29.4153451719452,0
4.8,29.4152717143138,0
4.81,29.4151978884746,0
4.82,29.4151236925818,0
4.83,29.4150491247806,0
4.84,29.4149741832067,0
4.85,29.4148988659866,0
4.86,29.4148231712373,0
4.87,29.4147470970666,0
4.88,29.4146706415725,0
4.89,29.4145938028436,0
4.9,29.414516578959,0
4.91,29.414438967988,0
4.92,29.4143609679905,0
4.93,29.4142825770163,0
4.94,29.4142037931057,0
4.95,29.4141246142892,0
4.96,29.4140450385872,0
4.97,29.4139650640103,0
4.98,29.4138846885591,0
4.99,29.4138039102244,0
5,29.4137227269865,0
5.01,29.413641136816,0
5.02,29.4135591376731,0
5.03,29.4134767275077,0
5.04,29.4133939042597,0
5.05,29.4133106658584,0
5.06,29.4132270102229,0
5.07,29.4131429352618,0
5.08,29.4130584388731,0
5.09,29.4129735189446,0
5.1,29.4128881733531,0
5.11,29.4128023999651,0
5.12,29.4127161966362,0
5.13,29.4126295612113,0
5.14,29.4125424915246,0
5.15,29.4124549853992,0
5.16,29.4123670406475,0
5.17,29.4122786550709,0
5.18,29.4121898264598,0
5.19,29.4121005525935,0
5.2,29.41201083124,0
5.21,29.4119206601563,0
5.22,29.4118300370882,0
5.23,29.4117389597701,0
5.24,29.411647425925,0
5.25,29.4115554332647,0
5.26,29.4114629794892,0
5.27,29.4113700622872,0
5.28,29.4112766793358,0
5.29,29.4111828283004,0
5.3,29.4110885068347,0
5.31,29.4109937125808,0
5.32,29.4108984431686,0
5.33,29.4108026962165,0
5.34,29.4107064693309,0
5.35,29.410609760106,0
5.36,29.410512566124,0
5.37,29.4104148849552,0
5.38,29.4103167141575,0
5.39,29.4102180512767,0
5.4,29.410118893846,0
5.41,29.4100192393867,0
5.42,29.4099190854074,0
5.43,29.4098184294041,0
5.44,29.4097172688605,0
5.45,29.4096156012476,0
5.46,29.4095134240236,0
5.47,29.4094107346342,0
5.48,29.4093075305121,0
5.49,29.4092038090772,0
5.5,29.4090995677364,0
5.51,29.4089948038837,0
5.52,29.4088895149,0
5.53,29.4087836981531,0
5.54,29.4086773509975,0
5.55,29.4085704707746,0
5.56,29.4084630548123,0
5.57,29.4083551004253,0
5.58,29.4082466049147,0
5.59,29.4081375655681,0
5.6,29.4080279796595,0
5.61,29.4079178444492,0
5.62,29.4078071571839,0
5.63,29.4076959150963,0
5.64,29.4075841154055,0
5.65,29.4074717553164,0
5.66,29.40735883202,0
5.67,29.4072453426932,0
5.68,29.4071312844988,0
5.69,29.4070166545853,0
5.7,29.406901450087,0
5.71,29.4067856681238,0
5.72,29.406669305801,0
5.73,29.4065523602097,0
5.74,29.4064348284261,0
5.75,29.406316707512,0
5.76,29.4061979945144,0
5.77,29.4060786864654,0
5.78,29.4059587803823,0
5.79,29.4058382732675,0
5.8,29.4057171621083,0
5.81,29.4055954438768,0
5.82,29.4054731155302,0
5.83,29.4053501740102,0
5.84,29.4052266162432,0
5.85,29.4051024391404,0
5.86,29.4049776395972,0
5.87,29.4048522144938,0
5.88,29.4047261606943,0
5.89,29.4045994750476,0
5.9,29.4044721543865,0
5.91,29.4043441955278,0
5.92,29.4042155952727,0
5.93,29.4040863504062,0
5.94,29.4039564576971,0
5.95,29.403825913898,0
5.96,29.4036947157455,0
5.97,29.4035628599594,0
5.98,29.4034303432435,0
5.99,29.4032971622848,0
6,29.4031633137537,0
6.01,29.4030287943041,0
6.02,29.402893600573,0
6.03,29.4027577291804,0
6.04,29.4026211767297,0
6.05,29.4024839398069,0
6.06,29.4023460149812,0
6.07,29.4022073988045,0
6.08,29.4020680878113,0
6.09,29.4019280785188,0
6.1,29.4017873674268,0
6.11,29.4016459510175,0
6.12,29.4015038257555,0
6.13,29.4013609880877,0
6.14,29.4012174344431,0
6.15,29.4010731612329,0
6.16,29.4009281648502,0
6.17,29.4007824416701,0
6.18,29.4006359880495,0
6.19,29.4004888003271,0
6.2,29.4003408748231,0
6.21,29.4001922078395,0
6.22,29.4000427956595,0
6.23,29.3998926345479,0
6.24,29.3997417207505,0
6.25,29.3995900504946,0
6.26,29.3994376199884,0
6.27,29.3992844254211,0
6.28,29.3991304629628,0
6.29,29.3989757287644,0
6.3,29.3988202189577,0
6.31,29.3986639296549,0
6.32,29.3985068569486,0
6.33,29.3983489969121,0
6.34,29.3981903455989,0
6.35,29.3980308990427,0
6.36,29.3978706532573,0
6.37,29.3977096042366,0
6.38,29.3975477479542,0
6.39,29.3973850803639,0
6.4,29.3972215973989,0
6.41,29.3970572949722,0
6.42,29.396892168976,0
6.43,29.3967262152824,0
6.44,29.3965594297424,0
6.45,29.3963918081865,0
6.46,29.396223346424,0
6.47,29.3960540402434,0
6.48,29.395883885412,0
6.49,29.395712877676,0
6.5,29.3955410127601,0
6.51,29.3953682863678,0
6.52,29.3951946941808,0
6.53,29.3950202318594,0
6.54,29.3948448950419,0
6.55,29.394668679345,0
6.56,29.3944915803632,0
6.57,29.3943135936691,0
6.58,29.394134714813,0
6.59,29.3939549393228,0
6.6,29.3937742627043,0
6.61,29.3935926804405,0
6.62,29.3934101879918,0
6.63,29.3932267807958,0
6.64,29.3930424542675,0
6.65,29.3928572037986,0
6.66,29.3926710247579,0
6.67,29.3924839124908,0
6.68,29.3922958623196,0
6.69,29.392106869543,0
6.7,29.3919169294361,0
6.71,29.3917260372505,0
6.72,29.3915341882139,0
6.73,29.3913413775299,0
6.74,29.3911476003784,0
6.75,29.3909528519149,0
6.76,29.3907571272706,0
6.77,29.3905604215525,0
6.78,29.3903627298428,0
6.79,29.3901640471993,0
6.8,29.389964368655,0
6.81,29.3897636892177,0
6.82,29.3895620038706,0
6.83,29.3893593075715,0
6.84,29.389155595253,0
6.85,29.3889508618222,0
6.86,29.3887451021608,0
6.87,29.3885383111248,0
6.88,29.3883304835445,0
6.89,29.3881216142241,0
6.9,29.3879116979418,0
6.91,29.3877007294498,0
6.92,29.3874887034738,0
6.93,29.3872756147132,0
6.94,29.3870614578408,0
6.95,29.3868462275025,0
6.96,29.3866299183177,0
6.97,29.3864125248786,0
6.98,29.3861940417504,0
6.99,29.3859744634709,0
7,29.3857537845507,0
7.01,29.3855319994728,0
7.02,29.3853091026926,0
7.03,29.3850850886376,0
7.04,29.3848599517075,0
7.05,29.3846336862738,0
7.06,29.38440628668,0
7.07,29.3841777472409,0
7.08,29.3839480622431,0
7.09,29.3837172259445,0
7.1,29.3834852325741,0
7.11,29.3832520763321,0
7.12,29.3830177513896,0
7.13,29.3827822518884,0
7.14,29.3825455719411,0
7.15,29.3823077056305,0
7.16,29.3820686470102,0
7.17,29.3818283901035,0
7.18,29.3815869289041,0
7.19,29.3813442573753,0
7.2,29.3811003694505,0
7.21,29.3808552590323,0
7.22,29.3806089199931,0
7.23,29.3803613461743,0
7.24,29.3801125313866,0
7.25,29.3798624694095,0
7.26,29.3796111539916,0
7.27,29.3793585788499,0
7.28,29.37910473767,0
7.29,29.378849624106,0
7.3,29.3785932317798,0
7.31,29.3783355542818,0
7.32,29.37807658517,0
7.33,29.37781631797,0
7.34,29.3775547461753,0
7.35,29.3772918632466,0
7.36,29.3770276626116,0
7.37,29.3767621376655,0
7.38,29.37649528177,0
7.39,29.3762270882538,0
7.4,29.375957550412,0
7.41,29.3756866615062,0
7.42,29.375414414764,0
7.43,29.3751408033794,0
7.44,29.374865820512,0
7.45,29.3745894592873,0
7.46,29.3743117127961,0
7.47,29.3740325740949,0
7.48,29.3737520362051,0
7.49,29.3734700921133,0
7.5,29.3731867347708,0
7.51,29.3729019570938,0
7.52,29.3726157519627,0
7.53,29.3723281122224,0
7.54,29.3720390306819,0
7.55,29.3717485001142,0
7.56,29.3714565132559,0
7.57,29.3711630628074,0
7.58,29.3708681414324,0
7.59,29.3705717417579,0
7.6,29.3702738563738,0
7.61,29.369974477833,0
7.62,29.3696735986511,0
7.63,29.3693712113059,0
7.64,29.3690673082379,0
7.65,29.3687618818495,0
7.66,29.3684549245048,0
7.67,29.3681464285301,0
7.68,29.3678363862129,0
7.69,29.3675247898021,0
7.7,29.3672116315078,0
7.71,29.366896903501,0
7.72,29.3665805979135,0
7.73,29.3662627068377,0
7.74,29.3659432223262,0
7.75,29.3656221363919,0
7.76,29.3652994410077,0
7.77,29.3649751281061,0
7.78,29.3646491895793,0
7.79,29.3643216172789,0
7.8,29.3639924030155,0
7.81,29.3636615385588,0
7.82,29.363329015637,0
7.83,29.3629948259372,0
7.84,29.3626589611045,0
7.85,29.3623214127423,0
7.86,29.361982172412,0
7.87,29.3616412316324,0
7.88,29.36129858188,0
7.89,29.3609542145886,0
7.9,29.360608121149,0
7.91,29.3602602929088,0
7.92,29.3599107211723,0
7.93,29.3595593972001,0
7.94,29.3592063122092,0
7.95,29.3588514573725,0
7.96,29.3584948238184,0
7.97,29.3581364026313,0
7.98,29.3577761848504,0
7.99,29.3574141614704,0
8,29.3570503234407,0
8.01,29.3566846616653,0
8.02,29.3563171670026,0
8.03,29.3559478302652,0
8.04,29.3555766422197,0
8.05,29.3552035935864,0
8.06,29.354828675039,0
8.07,29.3544518772046,0
8.08,29.3540731906632,0
8.09,29.3536926059476,0
8.1,29.3533101135432,0
8.11,29.3529257038877,0
8.12,29.3525393673707,0
8.13,29.3521510943338,0
8.14,29.3517608750703,0
8.15,29.3513686998246,0
8.16,29.3509745587922,0
8.17,29.3505784421198,0
8.18,29.3501803399042,0
8.19,29.349780242193,0
8.2,29.3493781389836,0
8.21,29.3489740202236,0
8.22,29.3485678758098,0
8.23,29.3481596955887,0
8.24,29.3477494693557,0
8.25,29.3473371868551,0
8.26,29.3469228377799,0
8.27,29.3465064117714,0
8.28,29.3460878984187,0
8.29,29.3456672872592,0
8.3,29.3452445677775,0
8.31,29.3448197294055,0
8.32,29.3443927615223,0
8.33,29.3439636534538,0
8.34,29.343532394472,0
8.35,29.3430989737956,0
8.36,29.3426633805891,0
8.37,29.3422256039625,0
8.38,29.3417856329715,0
8.39,29.3413434566166,0
8.4,29.3408990638436,0
8.41,29.3404524435425,0
8.42,29.3400035845479,0
8.43,29.3395524756381,0
8.44,29.3390991055356,0
8.45,29.3386434629059,0
8.46,29.3381855363581,0
8.47,29.3377253144439,0
8.48,29.3372627856578,0
8.49,29.3367979384364,0
8.5,29.3363307611587,0
8.51,29.3358612421451,0
8.52,29.3353893696577,0
8.53,29.3349151318996,0
8.54,29.3344385170148,0
8.55,29.333959513088,0
8.56,29.333478108144,0
8.57,29.3329942901477,0
8.58,29.3325080470036,0
8.59,29.3320193665556,0
8.6,29.3315282365866,0
8.61,29.3310346448184,0
8.62,29.3305385789112,0
8.63,29.3300400264633,0
8.64,29.3295389750109,0
8.65,29.3290354120276,0
8.66,29.3285293249243,0
8.67,29.3280207010488,0
8.68,29.3275095276856,0
8.69,29.3269957920553,0
8.7,29.3264794813143,0
8.71,29.325960582555,0
8.72,29.3254390828049,0
8.73,29.3249149690264,0
8.74,29.3243882281166,0
8.75,29.3238588469071,0
8.76,29.3233268121631,0
8.77,29.322792110584,0
8.78,29.322254728802,0
8.79,29.3217146533826,0
8.8,29.3211718708239,0
8.81,29.3206263675563,0
8.82,29.3200781299422,0
8.83,29.3195271442757,0
8.84,29.3189733967819,0
8.85,29.3184168736174,0
8.86,29.3178575608688,0
8.87,29.3172954445534,0
8.88,29.3167305106183,0
8.89,29.3161627449401,0
8.9,29.3155921333245,0
8.91,29.3150186615063,0
8.92,29.3144423151487,0
8.93,29.3138630798429,0
8.94,29.3132809411081,0
8.95,29.3126958843907,0
8.96,29.3121078950643,0
8.97,29.3115169584291,0
8.98,29.3109230597118,0
8.99,29.3103261840647,0
9,29.309726316566,0
9.01,29.309123442219,0
9.02,29.3085175459517,0
9.03,29.3079086126167,0
9.04,29.3072966269907,0
9.05,29.306681573774,0
9.06,29.3060634375901,0
9.07,29.3054422029858,0
9.08,29.3048178544301,0
9.09,29.3041903763142,0
9.1,29.3035597529512,0
9.11,29.3029259685754,0
9.12,29.3022890073422,0
9.13,29.3016488533275,0
9.14,29.3010054905275,0
9.15,29.300358902858,0
9.16,29.2997090741543,0
9.17,29.2990559881707,0
9.18,29.29839962858,0
9.19,29.2977399789732,0
9.2,29.2970770228589,0
9.21,29.2964107436633,0
9.22,29.2957411247293,0
9.23,29.2950681493165,0
9.24,29.2943918006003,0
9.25,29.2937120616721,0
9.26,29.2930289155384,0
9.27,29.2923423451204,0
9.28,29.2916523332538,0
9.29,29.2909588626884,0
9.3,29.2902619160873,0
9.31,29.2895614760269,0
9.32,29.288857524996,0
9.33,29.2881500453959,0
9.34,29.2874390195395,0
9.35,29.2867244296512,0
9.36,29.2860062578662,0
9.37,29.2852844862301,0
9.38,29.2845590966987,0
9.39,29.2838300711371,0
9.4,29.2830973913196,0
9.41,29.2823610389293,0
9.42,29.2816209955573,0
9.43,29.2808772427024,0
9.44,29.2801297617709,0
9.45,29.2793785340755,0
9.46,29.2786235408357,0
9.47,29.2778647631765,0
9.48,29.2771021821285,0
9.49,29.2763357786271,0
9.5,29.2755655335121,0
9.51,29.2747914275274,0
9.52,29.2740134413203,0
9.53,29.2732315554412,0
9.54,29.2724457503427,0
9.55,29.2716560063798,0
9.56,29.2708623038088,0
9.57,29.2700646227872,0
9.58,29.2692629433727,0
9.59,29.2684572455235,0
9.6,29.267647509097,0
9.61,29.2668337138498,0
9.62,29.2660158394369,0
9.63,29.2651938654115,0
9.64,29.2643677712241,0
9.65,29.2635375362224,0
9.66,29.2627031396504,0
9.67,29.2618645606482,0
9.68,29.2610217782512,0
9.69,29.2601747713899,0
9.7,29.259323518889,0
9.71,29.2584679994673,0
9.72,29.2576081917365,0
9.73,29.2567440742016,0
9.74,29.2558756252595,0
9.75,29.255002823199,0
9.76,29.2541256462,0
9.77,29.2532440723329,0
9.78,29.2523580795585,0
9.79,29.2514676457267,0
9.8,29.2505727485769,0
9.81,29.2496733657364,0
9.82,29.2487694747206,0
9.83,29.2478610529323,0
9.84,29.2469480776608,0
9.85,29.2460305260817,0
9.86,29.2451083752562,0
9.87,29.2441816021305,0
9.88,29.2432501835351,0
9.89,29.2423140961846,0
9.9,29.2413733166767,0
9.91,29.2404278214919,0
9.92,29.2394775869927,0
9.93,29.2385225894234,0
9.94,29.2375628049087,0
9.95,29.2365982094542,0
9.96,29.2356287789449,0
9.97,29.2346544891449,0
9.98,29.2336753156969,0
9.99,29.2326912341216,0
10,29.2317022198169,0
10.01,29.2307082480574,0
10.02,29.2297092939937,0
10.03,29.2287053326519,0
10.04,29.2276963389329,0
10.05,29.2266822876119,0
10.06,29.2256631533374,0
10.07,29.2246389106312,0
10.08,29.223609533887,0
10.09,29.2225749973704,0
10.1,29.221535275218,0
10.11,29.2204903414366,0
10.12,29.2194401699028,0
10.13,29.2183847343623,0
10.14,29.2173240084291,0
10.15,29.216257965585,0
10.16,29.215186579179,0
10.17,29.2141098224263,0
10.18,29.2130276684078,0
10.19,29.2119400900698,0
10.2,29.2108470602227,0
10.21,29.2097485515407,0
10.22,29.2086445365609,0
10.23,29.2075349876831,0
10.24,29.2064198771684,0
10.25,29.205299177139,0
10.26,29.2041728595772,0
10.27,29.2030408963252,0
10.28,29.2019032590838,0
10.29,29.200759919412,0
10.3,29.1996108487263,0
10.31,29.1984560182997,0
10.32,29.1972953992616,0
10.33,29.1961289625963,0
10.34,29.1949566791429,0
10.35,29.1937785195943,0
10.36,29.1925944544963,0
10.37,29.1914044542473,0
10.38,29.1902084890973,0
10.39,29.189006529147,0
10.4,29.1877985443473,0
10.41,29.1865845044987,0
10.42,29.18536437925,0
10.43,29.184138138098,0
10.44,29.1829057503867,0
10.45,29.1816671853063,0
10.46,29.1804224118926,0
10.47,29.1791713990261,0
10.48,29.1779141154316,0
10.49,29.1766505296769,0
10.5,29.1753806101722,0
10.51,29.1741043251694,0
10.52,29.1728216427615,0
10.53,29.1715325308813,0
10.54,29.1702369573008,0
10.55,29.1689348896308,0
10.56,29.1676262953194,0
10.57,29.1663111416518,0
10.58,29.1649893957489,0
10.59,29.1636610245671,0
10.6,29.1623259948971,0
10.61,29.160984273363,0
10.62,29.1596358264217,0
10.63,29.158280620362,0
10.64,29.1569186213037,0
10.65,29.1555497951967,0
10.66,29.1541741078202,0
10.67,29.1527915247821,0
10.68,29.1514020115177,0
10.69,29.150005533289,0
10.7,29.1486020551841,0
10.71,29.1471915421159,0
10.72,29.1457739588216,0
10.73,29.1443492698614,0
10.74,29.142917439618,0
10.75,29.1414784322958,0
10.76,29.1400322119193,0
10.77,29.1385787423329,0
10.78,29.1371179872,0
10.79,29.1356499100015,0
10.8,29.1341744740354,0
10.81,29.1326916424158,0
10.82,29.1312013780717,0
10.83,29.1297036437466,0
10.84,29.1281984019968,0
10.85,29.1266856151914,0
10.86,29.1251652455106,0
10.87,29.1236372549451,0
10.88,29.122101605295,0
10.89,29.1205582581689,0
10.9,29.1190071749832,0
10.91,29.1174483169607,0
10.92,29.1158816451298,0
10.93,29.1143071203237,0
10.94,29.1127247031792,0
10.95,29.1111343541357,0
10.96,29.1095360334344,0
10.97,29.1079297011173,0
10.98,29.106315317026,0
10.99,29.1046928408007,0
11,29.1030622318795,0
11.01,29.1014234494971,0
11.02,29.0997764526838,0
11.03,29.0981212002646,0
11.04,29.0964576508581,0
11.05,29.0947857628756,0
11.06,29.0931054945196,0
11.07,29.0914168037835,0
11.08,29.0897196484498,0
11.09,29.0880139860896,0
11.1,29.0862997740613,0
11.11,29.0845769695094,0
11.12,29.0828455293637,0
11.13,29.0811054103382,0
11.14,29.0793565689298,0
11.15,29.0775989614173,0
11.16,29.0758325438606,0
11.17,29.074057272099,0
11.18,29.0722731017506,0
11.19,29.0704799882112,0
11.2,29.0686778866527,0
11.21,29.0668667520226,0
11.22,29.0650465390423,0
11.23,29.0632172022066,0
11.24,29.0613786957818,0
11.25,29.0595309738052,0
11.26,29.0576739900836,0
11.27,29.0558076981924,0
11.28,29.0539320514742,0
11.29,29.0520470030376,0
11.3,29.0501525057565,0
11.31,29.0482485122682,0
11.32,29.0463349749728,0
11.33,29.0444118460319,0
11.34,29.042479077367,0
11.35,29.0405366206588,0
11.36,29.0385844273459,0
11.37,29.0366224486233,0
11.38,29.0346506354414,0
11.39,29.0326689385048,0
11.4,29.0306773082709,0
11.41,29.028675694949,0
11.42,29.0266640484985,0
11.43,29.0246423186283,0
11.44,29.0226104547949,0
11.45,29.0205684062017,0
11.46,29.0185161217973,0
11.47,29.0164535502745,0
11.48,29.0143806400689,0
11.49,29.0122973393576,0
11.5,29.0102035960582,0
11.51,29.0080993578267,0
11.52,29.0059845720572,0
11.53,29.0038591858799,0
11.54,29.0017231461601,0
11.55,28.9995763994966,0
11.56,28.9974188922207,0
11.57,28.9952505703946,0
11.58,28.9930713798101,0
11.59,28.9908812659873,0
11.6,28.9886801741733,0
11.61,28.9864680493407,0
11.62,28.9842448361862,0
11.63,28.9820104791294,0
11.64,28.9797649223113,0
11.65,28.9775081095927,0
11.66,28.9752399845533,0
11.67,28.9729604904899,0
11.68,28.9706695704149,0
11.69,28.9683671670553,0
11.7,28.9660532228507,0
11.71,28.9637276799526,0
11.72,28.9613904802222,0
11.73,28.9590415652294,0
11.74,28.9566808762512,0
11.75,28.9543083542703,0
11.76,28.9519239399734,0
11.77,28.9495275737502,0
11.78,28.9471191956912,0
11.79,28.944698745587,0
11.8,28.9422661629262,0
11.81,28.939821386894,0
11.82,28.937364356371,0
11.83,28.9348950099312,0
11.84,28.9324132858409,0
11.85,28.9299191220568,0
11.86,28.9274124562247,0
11.87,28.9248932256779,0
11.88,28.9223613674354,0
11.89,28.9198168182006,0
11.9,28.9172595143597,0
11.91,28.91468939198,0
11.92,28.9121063868082,0
11.93,28.9095104342691,0
11.94,28.9069014694638,0
11.95,28.904279427168,0
11.96,28.9016442418304,0
11.97,28.8989958475714,0
11.98,28.8963341781809,0
11.99,28.8936591671171,0
12,28.8909707475046,0
12.01,28.8882688521326,0
12.02,28.8855534134537,0
12.03,28.8828243635818,0
12.04,28.8800816342905,0
12.05,28.8773251570114,0
12.06,28.8745548628325,0
12.07,28.8717706824962,0
12.08,28.8689725463979,0
12.09,28.866160384584,0
12.1,28.8633341267504,0
12.11,28.8604937022404,0
12.12,28.8576390400433,0
12.13,28.8547700687924,0
12.14,28.8518867167633,0
12.15,28.848988911872,0
12.16,28.8460765816732,0
12.17,28.8431496533585,0
12.18,28.8402080537546,0
12.19,28.8372517093214,0
12.2,28.83428054615,0
12.21,28.8312944899612,0
12.22,28.8282934661035,0
12.23,28.8252773995511,0
12.24,28.8222462149022,0
12.25,28.819199836377,0
12.26,28.8161381878159,0
12.27,28.8130611926776,0
12.28,28.8099687740369,0
12.29,28.8068608545833,0
12.3,28.8037373566186,0
12.31,28.8005982020551,0
12.32,28.797443312414,0
12.33,28.7942726088227,0
12.34,28.7910860120136,0
12.35,28.7878834423214,0
12.36,28.7846648196819,0
12.37,28.7814300636292,0
12.38,28.7781790932944,0
12.39,28.7749118274029,0
12.4,28.771628184273,0
12.41,28.7683280818135,0
12.42,28.7650114375215,0
12.43,28.7616781684808,0
12.44,28.7583281913595,0
12.45,28.754961422408,0
12.46,28.751577777457,0
12.47,28.748177171915,0
12.48,28.7447595207668,0
12.49,28.7413247385709,0
12.5,28.7378727394577,0
12.51,28.7344034371268,0
12.52,28.7309167448457,0
12.53,28.7274125754468,0
12.54,28.7238908413256,0
12.55,28.7203514544388,0
12.56,28.7167943263013,0
12.57,28.7132193679849,0
12.58,28.7096264901153,0
12.59,28.7060156028704,0
12.6,28.7023866159779,0
12.61,28.6987394387129,0
12.62,28.6950739798958,0
12.63,28.6913901478899,0
12.64,28.6876878505993,0
12.65,28.6839669954662,0
12.66,28.6802274894692,0
12.67,28.6764692391203,0
12.68,28.6726921504632,0
12.69,28.6688961290704,0
12.7,28.6650810800412,0
12.71,28.6612469079992,0
12.72,28.6573935170898,0
12.73,28.6535208109781,0
12.74,28.6496286928462,0
12.75,28.6457170653911,0
12.76,28.6417858308217,0
12.77,28.637834890857,0
12.78,28.6338641467233,0
12.79,28.6298734991518,0
12.8,28.6258628483762,0
12.81,28.6218320941298,0
12.82,28.6177811356438,0
12.83,28.6137098716438,0
12.84,28.6096182003481,0
12.85,28.6055060194647,0
12.86,28.6013732261888,0
12.87,28.5972197172004,0
12.88,28.5930453886616,0
12.89,28.5888501362138,0
12.9,28.5846338549757,0
12.91,28.58039643954,0
12.92,28.5761377839709,0
12.93,28.571857781802,0
12.94,28.567556326033,0
12.95,28.5632333091272,0
12.96,28.5588886230089,0
12.97,28.5545221590609,0
12.98,28.5501338081213,0
12.99,28.545723460481,0.5
13,28.5412910058812,0.5
13.01,28.5368363335102,0.5
13.02,28.5323593320011,0.5
13.03,28.5278598894285,0.5
13.04,28.5233378933061,0.5
13.05,28.5187932305839,0.5
13.06,28.514225787645,0.5
13.07,28.509635450303,0.5
13.08,28.5050221037994,0.5
13.09,28.5003856328002,0.5
13.1,28.4957259213935,0.5
13.11,28.491042853086,0.5
13.12,28.4863363108011,0.5
13.13,28.4816061768747,0.5
13.14,28.4768523330533,0.5
13.15,28.4720746604907,0.5
13.16,28.4672730397446,0.5
13.17,28.4624473507745,0.5
13.18,28.4575974729376,0.5
13.19,28.452723284987,0.5
13.2,28.4478246650676,0.5
13.21,28.4429014907137,0.5
13.22,28.4379536388456,0.5
13.23,28.4329809857668,0.5
13.24,28.4279834071607,0.5
13.25,28.4229607780877,0.5
13.26,28.4179129729816,0.5
13.27,28.4128398656471,0.5
13.28,28.4077413292563,0.5
13.29,28.4026172363455,0.5
13.3,28.3974674588121,0.5
13.31,28.3922918679114,0.5
13.32,28.3870903342534,0.5
13.33,28.3818627277993,0.5
13.34,28.3766089178589,0.5
13.35,28.3713287730866,0.5
13.36,28.3660221614784,0.5
13.37,28.3606889503689,0.5
13.38,28.3553290064274,0.5
13.39,28.3499421956551,0.5
13.4,28.3445283833815,0.5
13.41,28.3390874342609,0.5
13.42,28.3336192122694,0.5
13.43,28.328123580701,0.5
13.44,28.3226004021648,0.5
13.45,28.317049538581,0.5
13.46,28.3114708511776,0.5
13.47,28.3058642004873,0.5
13.48,28.3002294463434,0.5
13.49,28.2945664478769,0.5
13.5,28.2888750635124,0.5
13.51,28.2831551509651,0.5
13.52,28.2774065672368,0.5
13.53,28.2716291686127,0.5
13.54,28.2658228106574,0.5
13.55,28.2599873482118,0.5
13.56,28.254122635389,0.5
13.57,28.2482285255707,0.5
13.58,28.2423048714041,0.5
13.59,28.2363515247974,0.5
13.6,28.2303683369167,0.5
13.61,28.2243551581819,0.5
13.62,28.2183118382632,0.5
13.63,28.2122382260774,0.5
13.64,28.2061341697839,0.5
13.65,28.1999995167808,0.5
13.66,28.1938341137016,0.5
13.67,28.1876378064108,0.5
13.68,28.1814104400006,0.5
13.69,28.1751518587862,0.5
13.7,28.168861906303,0.5
13.71,28.1625404253018,0.5
13.72,28.1561872577451,0.5
13.73,28.1498022448036,0.5
13.74,28.1433852268515,0.5
13.75,28.1369360434631,0.5
13.76,28.1304545334084,0.5
13.77,28.1239405346494,0.5
13.78,28.1173938843357,0.5
13.79,28.1108144188008,0.5
13.8,28.1042019735576,0.5
13.81,28.0975563832947,0.5
13.82,28.090877481872,0.5
13.83,28.0841651023166,0.5
13.84,28.0774190768186,0.5
13.85,28.0706392367272,0.5
13.86,28.0638254125458,0.5
13.87,28.0569774339286,0.5
13.88,28.0500951296757,0.5
13.89,28.0431783277293,0.5
13.9,28.0362268551687,0.5
13.91,28.029240538207,0.5
13.92,28.0222192021857,0.5
13.93,28.0151626715712,0.5
13.94,28.0080707699498,0.5
13.95,28.0009433200236,0.5
13.96,27.993780143606,0.5
13.97,27.9865810616171,0.5
13.98,27.9793458940796,0.5
13.99,27.9720744601139,0.5
14,27.9647665779338,0.5
14.01,27.9574220648418,0.5
14.02,27.9500407372247,0.5
14.03,27.942622410549,0.5
14.04,27.935166899356,0.5
14.05,27.9276740172577,0.5
14.06,27.9201435769316,0.5
14.07,27.9125753901163,0.5
14.08,27.9049692676067,0.5
14.09,27.8973250192493,0.5
14.1,27.8896424539376,0.5
14.11,27.8819213796071,0.5
14.12,27.8741616032303,0.5
14.13,27.8663629308127,0.5
14.14,27.8585251673869,0.5
14.15,27.8506481170084,0.5
14.16,27.8427315827505,0.5
14.17,27.8347753666996,0.5
14.18,27.8267792699497,0.5
14.19,27.8187430925981,0.5
14.2,27.8106666337399,0.5
14.21,27.8025496914632,0.5
14.22,27.7943920628441,0.5
14.23,27.7861935439413,0.5
14.24,27.7779539297914,0.5
14.25,27.7696730144038,0.5
14.26,27.7613505907551,0.5
14.27,27.7529864507842,0.5
14.28,27.7445803853873,0.5
14.29,27.7361321844122,0.5
14.3,27.7276416366535,0.5
14.31,27.7191085298471,0.5
14.32,27.7105326506647,0.5
14.33,27.7019137847091,0.5
14.34,27.6932517165082,0.5
14.35,27.6845462295096,0.5
14.36,27.6757971060759,0.5
14.37,27.6670041274785,0.5
14.38,27.6581670738924,0.5
14.39,27.649285724391,0.5
14.4,27.6403598569398,0.5
14.41,27.6313892483919,0.5
14.42,27.6223736744815,0.5
14.43,27.6133129098189,0.5
14.44,27.6042067278843,0.5
14.45,27.5950549010229,0.5
14.46,27.5858572004384,0.5
14.47,27.5766133961879,0.5
14.48,27.5673232571758,0.5
14.49,27.557986551148,0.5
14.5,27.5486030446866,0.5
14.51,27.5391725032033,0.5
14.52,27.5296946909341,0.5
14.53,27.5201693709331,0.5
14.54,27.510596305067,0.5
14.55,27.5009752540085,0.5
14.56,27.491305977231,0.5
14.57,27.4815882330018,0.5
14.58,27.4718217783771,0.5
14.59,27.4620063691947,0.5
14.6,27.4521417600692,0.5
14.61,27.4422277043846,0.5
14.62,27.4322639542891,0.5
14.63,27.4222502606884,0.5
14.64,27.4121863732396,0.5
14.65,27.4020720403451,0.5
14.66,27.3919070091459,0.5
14.67,27.3816910255159,0.5
14.68,27.3714238340548,0.5
14.69,27.3611051780823,0.5
14.7,27.3507347996316,0.5
14.71,27.3403124394425,0.5
14.72,27.3298378369556,0.5
14.73,27.3193107303052,0.5
14.74,27.3087308563131,0.5
14.75,27.298097950482,0.5
14.76,27.2874117469886,0.5
14.77,27.2766719786772,0.5
14.78,27.2658783770532,0.5
14.79,27.2550306722759,0.5
14.8,27.2441285931522,0.5
14.81,27.2331718671294,0.5
14.82,27.2221602202888,0.5
14.83,27.2110933773388,0.5
14.84,27.1999710616077,0.5
14.85,27.1887929950369,0.5
14.86,27.1775588981743,0.5
14.87,27.1662684901668,0.5
14.88,27.1549214887537,0.5
14.89,27.1435176102593,0.5
14.9,27.1320565695861,0.5
14.91,27.1205380802074,0.5
14.92,27.1089618541604,0.5
14.93,27.097327602039,0.5
14.94,27.085635032986,0.5
14.95,27.0738838546868,0.5
14.96,27.0620737733613,0.5
14.97,27.0502044937567,0.5
14.98,27.0382757191406,0.5
14.99,27.0262871512928,-1
15,27.0142384904987,-1
15.01,27.0021294355409,-1
15.02,26.9899596836927,-1
15.03,26.9777289307094,-1
15.04,26.9654368708217,-1
15.05,26.9530831967274,-1
15.06,26.9406675995839,-1
15.07,26.9281897690009,-1
15.08,26.9156493930317,-1
15.09,26.9030461581665,-1
15.1,26.8903797493235,-1
15.11,26.8776498498421,-1
15.12,26.8648561414739,-1
15.13,26.8519983043757,-1
15.14,26.8390760171008,-1
15.15,26.8260889565914,-1
15.16,26.8130367981703,-1
15.17,26.7999192155328,-1
15.18,26.7867358807388,-1
15.19,26.773486464204,-1
15.2,26.7601706346926,-1
15.21,26.7467880593079,-1
15.22,26.733338403485,-1
15.23,26.7198213309818,-1
15.24,26.7062365038706,-1
15.25,26.6925835825302,-1
15.26,26.6788622256367,-1
15.27,26.6650720901557,-1
15.28,26.6512128313328,-1
15.29,26.637284102686,-1
15.3,26.6232855559964,-1
15.31,26.6092168412994,-1
15.32,26.5950776068766,-1
15.33,26.5808674992463,-1
15.34,26.5665861631551,-1
15.35,26.5522332415688,-1
15.36,26.5378083756636,-1
15.37,26.5233112048173,-1
15.38,26.5087413665996,-1
15.39,26.494098496764,-1
15.4,26.4793822292379,-1
15.41,26.4645921961138,-1
15.42,26.4497280276402,-1
15.43,26.4347893522121,-1
15.44,26.4197757963617,-1
15.45,26.4046869847495,-1
15.46,26.3895225401544,-1
15.47,26.3742820834643,-1
15.48,26.3589652336673,-1
15.49,26.3435716078411,-1
15.5,26.3281008211443,-1
15.51,26.3125524868066,-1
15.52,26.2969262161186,-1
15.53,26.2812216184228,-1
15.54,26.2654383011036,-1
15.55,26.249575869577,-1
15.56,26.2336339272815,-1
15.57,26.2176120756677,-1
15.58,26.2015099141885,-1
15.59,26.185327040289,-1
15.6,26.1690630493965,-1
15.61,26.1527175349104,-1
15.62,26.136290088192,-1
15.63,26.1197802985543,-1
15.64,26.1031877532516,-1
15.65,26.0865120374694,-1
15.66,26.0697527343141,-1
15.67,26.0529094248021,-1
15.68,26.0359816878498,-1
15.69,26.018969100263,-1
15.7,26.001871236726,-1
15.71,25.9846876697914,-1
15.72,25.967417969869,-1
15.73,25.9500617052156,-1
15.74,25.9326184419236,-1
15.75,25.9150877439104,-1
15.76,25.8974691729078,-1
15.77,25.8797622884506,-1
15.78,25.8619666478656,-1
15.79,25.844081806261,-1
15.8,25.8261073165147,-1
15.81,25.8080427292637,-1
15.82,25.7898875928923,-1
15.83,25.7716414535211,-1
15.84,25.7533038549957,-1
15.85,25.7348743388752,-1
15.86,25.7163524444207,-1
15.87,25.6977377085839,-1
15.88,25.6790296659954,-1
15.89,25.6602278489532,-1
15.9,25.6413317874109,-1
15.91,25.622341008966,-1
15.92,25.6032550388479,-1
15.93,25.5840733999065,-1
15.94,25.5647956125998,-1
15.95,25.5454211949822,-1
15.96,25.525949662692,-1
15.97,25.5063805289401,-1
15.98,25.4867133044971,-1
15.99,25.4669474976813,-1
16,25.4470826143465,-1
16.01,25.4271181578696,-1
16.02,25.4070536291382,-1
16.03,25.386888526538,-1
16.04,25.3666223459404,-1
16.05,25.3462545806898,-1
16.06,25.325784721591,-1
16.07,25.3052122568966,-1
16.08,25.2845366722936,-1
16.09,25.2637574508916,-1
16.1,25.2428740732089,-1
16.11,25.2218860171599,-1
16.12,25.2007927580422,-1
16.13,25.1795937685232,-1
16.14,25.158288518627,-1
16.15,25.1368764757212,-1
16.16,25.1153571045038,-1
16.17,25.0937298669893,-1
16.18,25.0719942224955,-1
16.19,25.0501496276304,-1
16.2,25.0281955362778,-1
16.21,25.0061313995844,-1
16.22,24.9839566659456,-1
16.23,24.9616707809919,-1
16.24,24.9392731875749,-1
16.25,24.9167633257538,-1
16.26,24.8941406327807,-1
16.27,24.8714045430872,-1
16.28,24.8485544882698,-1
16.29,24.8255898970761,-1
16.3,24.8025101953899,-1
16.31,24.7793148062177,-1
16.32,24.7560031496733,-1
16.33,24.7325746429643,-1
16.34,24.7090287003767,-1
16.35,24.6853647332607,-1
16.36,24.6615821500159,-1
16.37,24.6376803560765,-1
16.38,24.6136587538964,-1
16.39,24.5895167429343,-1
16.4,24.5652537196387,-1
16.41,24.5408690774327,-1
16.42,24.516362206699,-1
16.43,24.4917324947645,-1
16.44,24.4669793258852,-1
16.45,24.4421020812306,-1
16.46,24.4171001388682,-1
16.47,24.3919728737482,-1
16.48,24.3667196576876,-1
16.49,24.3413398593548,-1
16.5,24.3158328442534,-1
16.51,24.2901979747068,-1
16.52,24.2644346098418,-1
16.53,24.238542105573,-1
16.54,24.2125198145865,-1
16.55,24.1863670863236,-1
16.56,24.1600832669648,-1
16.57,24.1336676994131,-1
16.58,24.1071197232781,-1
16.59,24.0804386748589,-1
16.6,24.053623887128,-1
16.61,24.0266746897143,-1
16.62,23.9995904088863,-1
16.63,23.9723703675358,-1
16.64,23.9450138851602,-1
16.65,23.917520277846,-1
16.66,23.8898888582517,-1
16.67,23.8621189355903,-1
16.68,23.8342098156123,-1
16.69,23.8061608005882,-1
16.7,23.7779711892912,-1
16.71,23.7496402769796,-1
16.72,23.7211673553791,-1
16.73,23.6925517126651,-1
16.74,23.6637926334451,-1
16.75,23.6348893987406,-1
16.76,23.6058412859692,-1
16.77,23.5766475689267,-1
16.78,23.5473075177685,-1
16.79,23.5178203989919,-1
16.8,23.4881854754173,-1
16.81,23.4584020061701,-1
16.82,23.4284692466621,-1
16.83,23.3983864485727,-1
16.84,23.3681528598303,-1
16.85,23.3377677245937,-1
16.86,23.3072302832329,-1
16.87,23.2765397723103,-1
16.88,23.2456954245615,-1
16.89,23.2146964688762,-1
16.9,23.183542130279,-1
16.91,23.1522316299096,-1
16.92,23.120764185004,-1
16.93,23.0891390088745,-1
16.94,23.0573553108899,-1
16.95,23.0254122964562,-1
16.96,22.9933091669963,-1
16.97,22.9610451199304,-1
16.98,22.9286193486555,-1
16.99,22.8960310425257,0
17,22.8632793868317,0
17.01,22.8303635627803,0
17.02,22.7972827474743,0
17.03,22.7640361138915,0
17.04,22.7306228308644,0
17.05,22.6970420630591,0
17.06,22.6632929709547,0
17.07,22.6293747108222,0
17.08,22.5952864347032,0
17.09,22.5610272903891,0
17.1,22.5265964213995,0
17.11,22.4919929669609,0
17.12,22.4572160619852,0
17.13,22.4222648370478,0
17.14,22.3871384183663,0
17.15,22.3518359277785,0
17.16,22.3163564827202,0
17.17,22.2806991962035,0
17.18,22.2448631767943,0
17.19,22.2088475285904,0
17.2,22.1726513511985,0
17.21,22.1362737397125,0
17.22,22.09971378469,0
17.23,22.0629705721304,0
17.24,22.0260431834514,0
17.25,21.9889306954663,0
17.26,21.9516321803611,0
17.27,21.9141467056709,0
17.28,21.8764733342569,0
17.29,21.8386111242828,0
17.3,21.8005591291914,0
17.31,21.7623163976809,0
17.32,21.723881973681,0
17.33,21.6852548963291,0
17.34,21.6464341999462,0
17.35,21.6074189140129,0
17.36,21.568208063145,0
17.37,21.5288006670693,0
17.38,21.4891957405987,0
17.39,21.449392293608,0
17.4,21.409389331009,0
17.41,21.3691858527256,0
17.42,21.3287808536686,0
17.43,21.288173323711,0
17.44,21.2473622476625,0
17.45,21.206346605244,0
17.46,21.1651253710623,0
17.47,21.1236975145844,0
17.48,21.0820620001118,0
17.49,21.0402177867543,0
17.5,20.9981638284046,0
17.51,20.9558990737114,0
17.52,20.9134224660537,0
17.53,20.8707329435141,0
17.54,20.8278294388523,0
17.55,20.7847108794784,0
17.56,20.7413761874263,0
17.57,20.6978242793262,0
17.58,20.6540540663784,0
17.59,20.6100644543252,0
17.6,20.5658543434239,0
17.61,20.5214226284195,0
17.62,20.4767681985169,0
17.63,20.4318899373529,0
17.64,20.3867867229687,0
17.65,20.3414574277816,0
17.66,20.2959009185568,0
17.67,20.2501160563792,0
17.68,20.2041016966249,0
17.69,20.1578566889325,0
17.7,20.1113798771745,0
17.71,20.064670099428,0
17.72,20.0177261879462,0
17.73,19.9705469691289,0
17.74,19.9231312634931,0
17.75,19.8754778856438,0
17.76,19.8275856442439,0
17.77,19.7794533419851,0
17.78,19.7310797755572,0
17.79,19.6824637356185,0
17.8,19.6336040067655,0
17.81,19.5844993675025,0
17.82,19.5351485902108,0
17.83,19.4855504411186,0
17.84,19.4357036802694,0
17.85,19.3856070614918,0
17.86,19.3352593323675,0
17.87,19.2846592342007,0
17.88,19.2338055019864,0
17.89,19.1826968643786,0
17.9,19.1313320436587,0
17.91,19.0797097557035,0
17.92,19.0278287099531,0
17.93,18.9756876093787,0
17.94,18.92328515045,0
17.95,18.8706200231028,0
17.96,18.8176909107063,0
17.97,18.7644964900298,0
17.98,18.7110354312101,0
17.99,18.6573063977178,0
18,18.6033080463245,0
18.01,18.5490390270683,0
18.02,18.4944979832212,0
18.03,18.4396835512541,0
18.04,18.3845943608033,0
18.05,18.3292290346363,0
18.06,18.273586188617,0
18.07,18.2176644316713,0
18.08,18.1614623657525,0
18.09,18.1049785858058,0
18.1,18.048211679734,0
18.11,17.9911602283614,0
18.12,17.9338228053987,0
18.13,17.8761979774074,0
18.14,17.8182843037638,0
18.15,17.760080336623,0
18.16,17.7015846208827,0
18.17,17.6427956941472,0
18.18,17.5837120866901,0
18.19,17.5243323214182,0
18.2,17.4646549138342,0
18.21,17.4046783719998,0
18.22,17.3444011964985,0
18.23,17.2838218803976,0
18.24,17.2229389092111,0
18.25,17.1617507608615,0
18.26,17.100255905642,0
18.27,17.0384528061779,0
18.28,16.9763399173886,0
18.29,16.9139156864487,0
18.3,16.851178552749,0
18.31,16.7881269478579,0
18.32,16.7247592954822,0
18.33,16.6610740114271,0
18.34,16.5970695035572,0
18.35,16.5327441717565,0
18.36,16.4680964078884,0
18.37,16.4031245957554,0
18.38,16.3378271110588,0
18.39,16.2722023213581,0
18.4,16.2062485860302,0
18.41,16.1399642562281,0
18.42,16.0733476748403,0
18.43,16.0063971764486,0
18.44,15.9391110872873,0
18.45,15.8714877252004,0
18.46,15.8035253996006,0
18.47,15.735222411426,0
18.48,15.6665770530984,0
18.49,15.5975876084803,0
18.5,15.5282523528319,0
18.51,15.4585695527684,0
18.52,15.388537466216,0
18.53,15.3181543423689,0
18.54,15.2474184216453,0
18.55,15.1763279356437,0
18.56,15.104881107098,0
18.57,15.033076149834,0
18.58,14.9609112687238,0
18.59,14.8883846596417,0
18.6,14.8154945094188,0
18.61,14.7422389957974,0
18.62,14.668616287386,0
18.63,14.5946245436129,0
18.64,14.5202619146807,0
18.65,14.4455265415198,0
18.66,14.3704165557421,0
18.67,14.2949300795938,0
18.68,14.2190652259093,0
18.69,14.1428200980632,0
18.7,14.0661927899233,0
18.71,13.989181385803,0
18.72,13.9117839604131,0
18.73,13.833998578814,0
18.74,13.755823296367,0
18.75,13.6772561586861,0
18.76,13.5982952015887,0
18.77,13.5189384510468,0
18.78,13.4391839231375,0
18.79,13.3590296239934,0
18.8,13.2784735497528,0
18.81,13.1975136865098,0
18.82,13.1161480102635,0
18.83,13.0343744868677,0
18.84,12.9521910719802,0
18.85,12.8695957110113,0
18.86,12.7865863390726,0
18.87,12.7031608809256,0
18.88,12.6193172509294,0
18.89,12.5350533529889,0
18.9,12.4503670805023,0
18.91,12.3652563163083,0
18.92,12.2797189326335,0
18.93,12.1937527910387,0
18.94,12.107355742366,0
18.95,12.0205256266846,0
18.96,11.9332602732372,0
18.97,11.8455575003853,0
18.98,11.757415115555,0
18.99,11.6688309151822,0
19,11.5798026846572,0
19.01,11.4903281982696,0
19.02,11.4004052191526,0
19.03,11.3100314992271,0
19.04,11.2192047791453,0
19.05,11.1279227882345,0
19.06,11.0361832444401,0
19.07,10.9439838542689,0
19.08,10.8513223127312,0
19.09,10.7581963032836,0
19.1,10.6646034977712,0
19.11,10.5705415563689,0
19.12,10.4760081275232,0
19.13,10.3810008478934,0
19.14,10.2855173422928,0
19.15,10.1895552236286,0
19.16,10.0931120928429,0
19.17,9.99618553885236,0
19.18,9.89877313848812,0
19.19,9.8008724564351,0
19.2,9.70248104517113,0
19.21,9.60359644490583,0
19.22,9.50421618351901,0
19.23,9.40433777649898,0
19.24,9.30395872688037,0
19.25,9.20307652518169,0
19.26,9.10168864934265,0
19.27,8.99979256466108,0
19.28,8.89738572372956,0
19.29,8.79446556637171,0
19.3,8.69102951957826,0
19.31,8.58707499744265,0
19.32,8.48259940109639,0
19.33,8.37760011864416,0
19.34,8.27207452509841,0
19.35,8.16601998231382,0
19.36,8.05943383892128,0
19.37,7.95231343026166,0
19.38,7.84465607831917,0
19.39,7.7364590916544,0
19.4,7.62771976533704,0
19.41,7.51843538087829,0
19.42,7.40860320616283,0
19.43,7.29822049538057,0
19.44,7.187284488958,0
19.45,7.07579241348918,0
19.46,6.96374148166641,0
19.47,6.85112889221057,0
19.48,6.73795182980104,0
19.49,6.62420746500539,0
19.5,6.50989295420855,0
19.51,6.39500543954182,0
19.52,6.27954204881133,0
19.53,6.16349989542631,0
19.54,6.04687607832688,0
19.55,5.92966768191153,0
19.56,5.81187177596426,0
19.57,5.69348541558127,0
19.58,5.5745056410974,0
19.59,5.45492947801207,0
19.6,5.334753936915,0
19.61,5.21397601341138,0
19.62,5.09259268804685,0
19.63,4.97060092623194,0
19.64,4.84799767816627,0
19.65,4.72477987876223,0
19.66,4.60094444756843,0
19.67,4.47648828869264,0
19.68,4.3514082907244,0
19.69,4.22570132665725,0
19.7,4.09936425381055,0
19.71,3.97239391375089,0
19.72,3.84478713221314,0
19.73,3.71654071902115,0
19.74,3.58765146800788,0
19.75,3.45811615693535,0
19.76,3.32793154741406,0
19.77,3.19709438482196,0
19.78,3.06560139822317,0
19.79,2.9334493002862,0
19.8,2.80063478720171,0
19.81,2.66715453859995,0
19.82,2.53300521746775,0
19.83,2.39818347006511,0
19.84,2.26268592584131,0
19.85,2.12650919735069,0
19.86,1.98964988016794,0
19.87,1.85210455280302,0
19.88,1.71386977661556,0
19.89,1.57494209572897,0
19.9,1.43531803694399,0
19.91,1.29499410965187,0
19.92,1.15396680574713,0
19.93,1.01223259953982,0
19.94,0.869787947667405,0
19.95,0.726629289006173,0
19.96,0.582753044582194,0
19.97,0.438155617481865,0
19.98,0.292833392761981,0
19.99,0.146782737359359,0
20,0,0
