0.5,0.69,0.96
0.01,0.149625624,0
0.02,0.298504988,0
0.03,0.446641812,0
0.04,0.594039801,0
0.05,0.740702639,0
0.06,0.886633994,0
0.07,1.031837512,0
0.08,1.176316825,0
0.09,1.320075545,0
0.1,1.463117265,0
0.11,1.605445561,0
0.12,1.747063992,0
0.13,1.887976099,0
0.14,2.028185403,0
0.15,2.16769541,0
0.16,2.306509608,0
0.17,2.444631468,0
0.18,2.582064442,0
0.19,2.718811966,0
0.2,2.854877459,0
0.21,2.990264322,0
0.22,3.124975941,0
0.23,3.259015683,0
0.24,3.392386898,0
0.25,3.525092922,0
0.26,3.657137072,0
0.27,3.788522649,0
0.28,3.919252938,0
0.29,4.049331207,0
0.3,4.178760707,0
0.31,4.307544675,0
0.32,4.435686331,0
0.33,4.563188877,0
0.34,4.690055502,0
0.35,4.816289377,0
0.36,4.941893658,0
0.37,5.066871484,0
0.38,5.191225982,0
0.39,5.314960258,0
0.4,5.438077408,0
0.41,5.560580508,0
0.42,5.682472621,0
0.43,5.803756795,0
0.44,5.924436061,0
0.45,6.044513437,0
0.46,6.163991925,0
0.47,6.282874511,0
0.48,6.401164168,0
0.49,6.518863853,0
0.5,6.635976508,0
0.51,6.752505061,0
0.52,6.868452426,0
0.53,6.983821501,0
0.54,7.09861517,0
0.55,7.212836303,0
0.56,7.326487756,0
0.57,7.43957237,0
0.58,7.552092973,0
0.59,7.664052376,0
0.6,7.77545338,0
0.61,7.886298768,0
0.62,7.996591313,0
0.63,8.106333772,0
0.64,8.215528888,0
0.65,8.324179391,0
0.66,8.432287997,0
0.67,8.539857409,0
0.68,8.646890317,0
0.69,8.753389396,0
0.7,8.859357308,0
0.71,8.964796704,0
0.72,9.069710218,0
0.73,9.174100474,0
0.74,9.277970081,0
0.75,9.381321636,0
0.76,9.484157724,0
0.77,9.586480914,0
0.78,9.688293765,0
0.79,9.789598823,0
0.8,9.890398619,0
0.81,9.990695674,0
0.82,10.0904925,0
0.83,10.18979158,0
0.84,10.28859541,0
0.85,10.38690645,0
0.86,10.48472716,0
0.87,10.58205999,0
0.88,10.67890737,0
0.89,10.77527172,0
0.9,10.87115545,0
0.91,10.96656096,0
0.92,11.06149063,0
0.93,11.15594684,0
0.94,11.24993195,0
0.95,11.34344831,0
0.96,11.43649825,0
0.97,11.5290841,0
0.98,11.62120817,0
0.99,11.71287278,0
1,11.80408021,0
1.01,11.89483274,0
1.02,11.98513264,0
1.03,12.07498216,0
1.04,12.16438356,0
1.05,12.25333907,0
1.06,12.34185091,0
1.07,12.4299213,0
1.08,12.51755243,0
1.09,12.6047465,0
1.1,12.69150569,0
1.11,12.77783216,0
1.12,12.86372808,0
1.13,12.9491956,0
1.14,13.03423684,0
1.15,13.11885394,0
1.16,13.203049,0
1.17,13.28682415,0
1.18,13.37018146,0
1.19,13.45312302,0
1.2,13.53565092,0
1.21,13.6177672,0
1.22,13.69947393,0
1.23,13.78077314,0
1.24,13.86166687,0
1.25,13.94215714,0
1.26,14.02224597,0
1.27,14.10193535,0
1.28,14.18122728,0
1.29,14.26012374,0
1.3,14.3386267,0
1.31,14.41673812,0
1.32,14.49445997,0
1.33,14.57179417,0
1.34,14.64874267,0
1.35,14.72530738,0
1.36,14.80149023,0
1.37,14.87729311,0
1.38,14.95271793,0
1.39,15.02776656,0
1.4,15.10244089,0
1.41,15.17674277,0
1.42,15.25067408,0
1.43,15.32423665,0
1.44,15.39743232,0
1.45,15.47026293,0
1.46,15.5427303,0
1.47,15.61483623,0
1.48,15.68658253,0
1.49,15.757971,0
1.5,15.82900342,0
1.51,15.89968156,0
1.52,15.97000719,0
1.53,16.03998207,0
1.54,16.10960795,0
1.55,16.17888657,0
1.56,16.24781966,0
1.57,16.31640895,0
1.58,16.38465614,0
1.59,16.45256295,0
1.6,16.52013108,0
1.61,16.5873622,0
1.62,16.65425801,0
1.63,16.72082018,0
1.64,16.78705036,0
1.65,16.85295023,0
1.66,16.91852141,0
1.67,16.98376556,0
1.68,17.0486843,0
1.69,17.11327925,0
1.7,17.17755204,0
1.71,17.24150427,0
1.72,17.30513753,0
1.73,17.36845342,0
1.74,17.43145352,0
1.75,17.49413941,0
1.76,17.55651265,0
1.77,17.6185748,0
1.78,17.68032742,0
1.79,17.74177204,0
1.8,17.80291021,0
1.81,17.86374345,0
1.82,17.92427328,0
1.83,17.98450122,0
1.84,18.04442877,0
1.85,18.10405743,0
1.86,18.16338869,0
1.87,18.22242403,0
1.88,18.28116494,0
1.89,18.33961287,0
1.9,18.3977693,0
1.91,18.45563566,0
1.92,18.51321342,0
1.93,18.57050401,0
1.94,18.62750886,0
1.95,18.68422939,0
1.96,18.74066703,0
1.97,18.79682319,0
1.98,18.85269927,0
1.99,18.90829666,0
2,18.96361676,0
2.01,19.01866096,0
2.02,19.07343061,0
2.03,19.12792711,0
2.04,19.18215179,0
2.05,19.23610604,0
2.06,19.28979118,0
2.07,19.34320857,0
2.08,19.39635954,0
2.09,19.44924542,0
2.1,19.50186753,0
2.11,19.55422718,0
2.12,19.60632569,0
2.13,19.65816436,0
2.14,19.70974448,0
2.15,19.76106734,0
2.16,19.81213423,0
2.17,19.86294642,0
2.18,19.91350519,0
2.19,19.96381179,0
2.2,20.01386749,0
2.21,20.06367353,0
2.22,20.11323117,0
2.23,20.16254163,0
2.24,20.21160616,0
2.25,20.26042598,0
2.26,20.30900231,0
2.27,20.35733636,0
2.28,20.40542935,0
2.29,20.45328247,0
2.3,20.50089692,0
2.31,20.54827389,0
2.32,20.59541457,0
2.33,20.64232014,0
2.34,20.68899176,0
2.35,20.73543061,0
2.36,20.78163784,0
2.37,20.82761462,0
2.38,20.87336208,0
2.39,20.91888137,0
2.4,20.96417364,0
2.41,21.00924001,0
2.42,21.05408162,0
2.43,21.09869957,0
2.44,21.14309499,0
2.45,21.18726899,0
2.46,21.23122267,0
2.47,21.27495713,0
2.48,21.31847346,0
2.49,21.36177276,0
2.5,21.40485609,0
2.51,21.44772455,0
2.52,21.49037921,0
2.53,21.53282112,0
2.54,21.57505135,0
2.55,21.61707095,0
2.56,21.65888099,0
2.57,21.70048249,0
2.58,21.74187651,0
2.59,21.78306407,0
2.6,21.82404621,0
2.61,21.86482395,0
2.62,21.90539831,0
2.63,21.9457703,0
2.64,21.98594094,0
2.65,22.02591123,0
2.66,22.06568216,0
2.67,22.10525474,0
2.68,22.14462994,0
2.69,22.18380876,0
2.7,22.22279218,0
2.71,22.26158117,0
2.72,22.30017669,0
2.73,22.33857972,0
2.74,22.37679121,0
2.75,22.41481213,0
2.76,22.45264341,0
2.77,22.49028601,0
2.78,22.52774086,0
2.79,22.56500891,0
2.8,22.60209108,0
2.81,22.63898831,0
2.82,22.67570151,0
2.83,22.7122316,0
2.84,22.74857949,0
2.85,22.7847461,0
2.86,22.82073233,0
2.87,22.85653908,0
2.88,22.89216724,0
2.89,22.9276177,0
2.9,22.96289136,0
2.91,22.99798908,0
2.92,23.03291176,0
2.93,23.06766026,0
2.94,23.10223544,0
2.95,23.13663819,0
2.96,23.17086935,0
2.97,23.20492978,0
2.98,23.23882033,0
2.99,23.27254186,0
3,23.3060952,0
3.01,23.33948119,0
3.02,23.37270066,0
3.03,23.40575445,0
3.04,23.43864339,0
3.05,23.47136829,0
3.06,23.50392998,0
3.07,23.53632926,0
3.08,23.56856696,0
3.09,23.60064386,0
3.1,23.63256079,0
3.11,23.66431852,0
3.12,23.69591786,0
3.13,23.7273596,0
3.14,23.75864453,0
3.15,23.78977342,0
3.16,23.82074705,0
3.17,23.85156621,0
3.18,23.88223165,0
3.19,23.91274414,0
3.2,23.94310446,0
3.21,23.97331335,0
3.22,24.00337158,0
3.23,24.03327989,0
3.24,24.06303903,0
3.25,24.09264974,0
3.26,24.12211278,0
3.27,24.15142886,0
3.28,24.18059873,0
3.29,24.20962312,0
3.3,24.23850274,0
3.31,24.26723833,0
3.32,24.2958306,0
3.33,24.32428026,0
3.34,24.35258803,0
3.35,24.38075462,0
3.36,24.40878072,0
3.37,24.43666704,0
3.38,24.46441428,0
3.39,24.49202313,0
3.4,24.51949428,0
3.41,24.54682841,0
3.42,24.57402622,0
3.43,24.60108838,0
3.44,24.62801556,0
3.45,24.65480845,0
3.46,24.6814677,0
3.47,24.70799399,0
3.48,24.73438798,0
3.49,24.76065033,0
3.5,24.7867817,0
3.51,24.81278273,0
3.52,24.83865409,0
3.53,24.86439641,0
3.54,24.89001034,0
3.55,24.91549652,0
3.56,24.94085558,0
3.57,24.96608817,0
3.58,24.99119491,0
3.59,25.01617643,0
3.6,25.04103335,0
3.61,25.0657663,0
3.62,25.0903759,0
3.63,25.11486275,0
3.64,25.13922747,0
3.65,25.16347068,0
3.66,25.18759297,0
3.67,25.21159495,0
3.68,25.23547722,0
3.69,25.25924037,0
3.7,25.28288501,0
3.71,25.30641172,0
3.72,25.32982109,0
3.73,25.3531137,0
3.74,25.37629015,0
3.75,25.39935099,0
3.76,25.42229683,0
3.77,25.44512822,0
3.78,25.46784573,0
3.79,25.49044995,0
3.8,25.51294142,0
3.81,25.53532072,0
3.82,25.5575884,0
3.83,25.57974502,0
3.84,25.60179114,0
3.85,25.62372729,0
3.86,25.64555405,0
3.87,25.66727194,0
3.88,25.68888151,0
3.89,25.7103833,0
3.9,25.73177785,0
3.91,25.7530657,0
3.92,25.77424737,0
3.93,25.7953234,0
3.94,25.81629431,0
3.95,25.83716063,0
3.96,25.85792288,0
3.97,25.87858158,0
3.98,25.89913724,0
3.99,25.91959037,0
4,25.9399415,0
4.01,25.96019113,0
4.02,25.98033976,0
4.03,26.0003879,0
4.04,26.02033605,0
4.05,26.0401847,0
4.06,26.05993437,0
4.07,26.07958552,0
4.08,26.09913867,0
4.09,26.1185943,0
4.1,26.13795289,0
4.11,26.15721493,0
4.12,26.1763809,0
4.13,26.19545128,0
4.14,26.21442655,0
4.15,26.23330718,0
4.16,26.25209363,0
4.17,26.2707864,0
4.18,26.28938593,0
4.19,26.30789269,0
4.2,26.32630715,0
4.21,26.34462977,0
4.22,26.36286101,0
4.23,26.38100131,0
4.24,26.39905114,0
4.25,26.41701095,0
4.26,26.43488118,0
4.27,26.45266229,0
4.28,26.47035471,0
4.29,26.48795889,0
4.3,26.50547527,0
4.31,26.52290428,0
4.32,26.54024637,0
4.33,26.55750196,0
4.34,26.57467149,0
4.35,26.59175539,0
4.36,26.60875408,0
4.37,26.62566799,0
4.38,26.64249754,0
4.39,26.65924315,0
4.4,26.67590525,0
4.41,26.69248424,0
4.42,26.70898054,0
4.43,26.72539457,0
4.44,26.74172674,0
4.45,26.75797744,0
4.46,26.7741471,0
4.47,26.7902361,0
4.48,26.80624487,0
4.49,26.82217379,0
4.5,26.83802326,0
4.51,26.85379369,0
4.52,26.86948546,0
4.53,26.88509896,0
4.54,26.9006346,0
4.55,26.91609275,0
4.56,26.9314738,0
4.57,26.94677814,0
4.58,26.96200614,0
4.59,26.9771582,0
4.6,26.99223469,0
4.61,27.00723598,0
4.62,27.02216245,0
4.63,27.03701448,0
4.64,27.05179243,0
4.65,27.06649668,0
4.66,27.08112759,0
4.67,27.09568552,0
4.68,27.11017085,0
4.69,27.12458394,0
4.7,27.13892513,0
4.71,27.1531948,0
4.72,27.1673933,0
4.73,27.18152099,0
4.74,27.19557821,0
4.75,27.20956532,0
4.76,27.22348267,0
4.77,27.23733061,0
4.78,27.25110948,0
4.79,27.26481963,0
4.8,27.2784614,0
4.81,27.29203513,0
4.82,27.30554116,0
4.83,27.31897983,0
4.84,27.33235148,0
4.85,27.34565643,0
4.86,27.35889502,0
4.87,27.37206759,0
4.88,27.38517446,0
4.89,27.39821595,0
4.9,27.41119241,0
4.91,27.42410414,0
4.92,27.43695147,0
4.93,27.44973473,0
4.94,27.46245423,0
4.95,27.47511029,0
4.96,27.48770323,0
4.97,27.50023336,0
4.98,27.512701,0
4.99,27.52510646,0
5,27.53745004,0
5.01,27.54973206,0
5.02,27.56195282,0
5.03,27.57411263,0
5.04,27.5862118,0
5.05,27.59825062,0
5.06,27.61022939,0
5.07,27.62214842,0
5.08,27.63400801,0
5.09,27.64580844,0
5.1,27.65755002,0
5.11,27.66923304,0
5.12,27.68085779,0
5.13,27.69242456,0
5.14,27.70393364,0
5.15,27.71538532,0
5.16,27.72677988,0
5.17,27.73811761,0
5.18,27.7493988,0
5.19,27.76062372,0
5.2,27.77179265,0
5.21,27.78290588,0
5.22,27.79396369,0
5.23,27.80496634,0
5.24,27.81591412,0
5.25,27.82680729,0
5.26,27.83764613,0
5.27,27.84843092,0
5.28,27.85916191,0
5.29,27.86983939,0
5.3,27.88046361,0
5.31,27.89103484,0
5.32,27.90155335,0
5.33,27.91201939,0
5.34,27.92243324,0
5.35,27.93279515,0
5.36,27.94310538,0
5.37,27.95336418,0
5.38,27.96357182,0
5.39,27.97372855,0
5.4,27.98383462,0
5.41,27.99389028,0
5.42,28.0038958,0
5.43,28.01385141,0
5.44,28.02375737,0
5.45,28.03361392,0
5.46,28.04342131,0
5.47,28.05317979,0
5.48,28.06288959,0
5.49,28.07255097,0
5.5,28.08216416,0
5.51,28.09172941,0
5.52,28.10124695,0
5.53,28.11071702,0
5.54,28.12013986,0
5.55,28.1295157,0
5.56,28.13884478,0
5.57,28.14812733,0
5.58,28.15736358,0
5.59,28.16655377,0
5.6,28.17569812,0
5.61,28.18479686,0
5.62,28.19385023,0
5.63,28.20285844,0
5.64,28.21182172,0
5.65,28.2207403,0
5.66,28.22961439,0
5.67,28.23844422,0
5.68,28.24723002,0
5.69,28.255972,0
5.7,28.26467037,0
5.71,28.27332537,0
5.72,28.28193719,0
5.73,28.29050607,0
5.74,28.2990322,0
5.75,28.30751581,0
5.76,28.31595711,0
5.77,28.32435631,0
5.78,28.33271362,0
5.79,28.34102925,0
5.8,28.3493034,0
5.81,28.35753628,0
5.82,28.3657281,0
5.83,28.37387907,0
5.84,28.38198938,0
5.85,28.39005924,0
5.86,28.39808886,0
5.87,28.40607842,0
5.88,28.41402814,0
5.89,28.42193821,0
5.9,28.42980882,0
5.91,28.43764018,0
5.92,28.44543248,0
5.93,28.45318592,0
5.94,28.46090069,0
5.95,28.46857698,0
5.96,28.47621498,0
5.97,28.48381489,0
5.98,28.4913769,0
5.99,28.49890119,0
6,28.50638795,0
6.01,28.51383737,0
6.02,28.52124964,0
6.03,28.52862494,0
6.04,28.53596345,0
6.05,28.54326536,0
6.06,28.55053086,0
6.07,28.55776011,0
6.08,28.56495332,0
6.09,28.57211064,0
6.1,28.57923227,0
6.11,28.58631838,0
6.12,28.59336914,0
6.13,28.60038474,0
6.14,28.60736535,0
6.15,28.61431115,0
6.16,28.6212223,0
6.17,28.62809898,0
6.18,28.63494137,0
6.19,28.64174963,0
6.2,28.64852393,0
6.21,28.65526444,0
6.22,28.66197134,0
6.23,28.66864479,0
6.24,28.67528495,0
6.25,28.68189199,0
6.26,28.68846608,0
6.27,28.69500739,0
6.28,28.70151606,0
6.29,28.70799228,0
6.3,28.71443619,0
6.31,28.72084797,0
6.32,28.72722777,0
6.33,28.73357575,0
6.34,28.73989206,0
6.35,28.74617688,0
6.36,28.75243035,0
6.37,28.75865263,0
6.38,28.76484387,0
6.39,28.77100424,0
6.4,28.77713388,0
6.41,28.78323295,0
6.42,28.7893016,0
6.43,28.79533999,0
6.44,28.80134825,0
6.45,28.80732655,0
6.46,28.81327504,0
6.47,28.81919385,0
6.48,28.82508315,0
6.49,28.83094307,0
6.5,28.83677377,0
6.51,28.84257538,0
6.52,28.84834806,0
6.53,28.85409195,0
6.54,28.85980719,0
6.55,28.86549392,0
6.56,28.8711523,0
6.57,28.87678245,0
6.58,28.88238452,0
6.59,28.88795865,0
6.6,28.89350498,0
6.61,28.89902364,0
6.62,28.90451479,0
6.63,28.90997854,0
6.64,28.91541505,0
6.65,28.92082444,0
6.66,28.92620685,0
6.67,28.93156241,0
6.68,28.93689127,0
6.69,28.94219355,0
6.7,28.94746938,0
6.71,28.9527189,0
6.72,28.95794223,0
6.73,28.96313952,0
6.74,28.96831088,0
6.75,28.97345645,0
6.76,28.97857636,0
6.77,28.98367073,0
6.78,28.98873969,0
6.79,28.99378337,0
6.8,28.9988019,0
6.81,29.0037954,0
6.82,29.00876399,0
6.83,29.0137078,0
6.84,29.01862695,0
6.85,29.02352157,0
6.86,29.02839178,0
6.87,29.03323769,0
6.88,29.03805944,0
6.89,29.04285714,0
6.9,29.04763091,0
6.91,29.05238087,0
6.92,29.05710714,0
6.93,29.06180984,0
6.94,29.06648908,0
6.95,29.07114499,0
6.96,29.07577767,0
6.97,29.08038725,0
6.98,29.08497383,0
6.99,29.08953755,0
7,29.0940785,0
7.01,29.0985968,0
7.02,29.10309257,0
7.03,29.10756591,0
7.04,29.11201694,0
7.05,29.11644578,0
7.06,29.12085252,0
7.07,29.12523729,0
7.08,29.12960019,0
7.09,29.13394132,0
7.1,29.13826081,0
7.11,29.14255875,0
7.12,29.14683526,0
7.13,29.15109044,0
7.14,29.15532439,0
7.15,29.15953723,0
7.16,29.16372905,0
7.17,29.16789997,0
7.18,29.17205009,0
7.19,29.1761795,0
7.2,29.18028833,0
7.21,29.18437666,0
7.22,29.18844459,0
7.23,29.19249224,0
7.24,29.19651971,0
7.25,29.20052708,0
7.26,29.20451447,0
7.27,29.20848197,0
7.28,29.21242968,0
7.29,29.2163577,0
7.3,29.22026614,0
7.31,29.22415508,0
7.32,29.22802462,0
7.33,29.23187486,0
7.34,29.2357059,0
7.35,29.23951783,0
7.36,29.24331075,0
7.37,29.24708476,0
7.38,29.25083994,0
7.39,29.25457639,0
7.4,29.25829421,0
7.41,29.26199348,0
7.42,29.2656743,0
7.43,29.26933677,0
7.44,29.27298096,0
7.45,29.27660699,0
7.46,29.28021492,0
7.47,29.28380487,0
7.48,29.28737691,0
7.49,29.29093113,0
7.5,29.29446762,0
7.51,29.29798648,0
7.52,29.30148779,0
7.53,29.30497163,0
7.54,29.3084381,0
7.55,29.31188728,0
7.56,29.31531926,0
7.57,29.31873412,0
7.58,29.32213194,0
7.59,29.32551283,0
7.6,29.32887684,0
7.61,29.33222409,0
7.62,29.33555463,0
7.63,29.33886857,0
7.64,29.34216597,0
7.65,29.34544693,0
7.66,29.34871153,0
7.67,29.35195985,0
7.68,29.35519196,0
7.69,29.35840795,0
7.7,29.36160791,0
7.71,29.3647919,0
7.72,29.36796001,0
7.73,29.37111233,0
7.74,29.37424892,0
7.75,29.37736986,0
7.76,29.38047524,0
7.77,29.38356514,0
7.78,29.38663962,0
7.79,29.38969877,0
7.8,29.39274266,0
7.81,29.39577137,0
7.82,29.39878497,0
7.83,29.40178354,0
7.84,29.40476716,0
7.85,29.40773589,0
7.86,29.41068982,0
7.87,29.41362902,0
7.88,29.41655356,0
7.89,29.41946351,0
7.9,29.42235895,0
7.91,29.42523994,0
7.92,29.42810657,0
7.93,29.4309589,0
7.94,29.43379701,0
7.95,29.43662096,0
7.96,29.43943082,0
7.97,29.44222667,0
7.98,29.44500858,0
7.99,29.44777661,0
8,29.45053083,0
8.01,29.45327132,0
8.02,29.45599814,0
8.03,29.45871136,0
8.04,29.46141105,0
8.05,29.46409728,0
8.06,29.4667701,0
8.07,29.4694296,0
8.08,29.47207583,0
8.09,29.47470886,0
8.1,29.47732876,0
8.11,29.47993559,0
8.12,29.48252943,0
8.13,29.48511032,0
8.14,29.48767834,0
8.15,29.49023356,0
8.16,29.49277603,0
8.17,29.49530582,0
8.18,29.49782299,0
8.19,29.50032761,0
8.2,29.50281974,0
8.21,29.50529943,0
8.22,29.50776676,0
8.23,29.51022179,0
8.24,29.51266457,0
8.25,29.51509516,0
8.26,29.51751364,0
8.27,29.51992005,0
8.28,29.52231445,0
8.29,29.52469692,0
8.3,29.52706751,0
8.31,29.52942627,0
8.32,29.53177326,0
8.33,29.53410855,0
8.34,29.5364322,0
8.35,29.53874425,0
8.36,29.54104477,0
8.37,29.54333382,0
8.38,29.54561145,0
8.39,29.54787773,0
8.4,29.5501327,0
8.41,29.55237642,0
8.42,29.55460895,0
8.43,29.55683035,0
8.44,29.55904066,0
8.45,29.56123996,0
8.46,29.56342828,0
8.47,29.56560569,0
8.48,29.56777224,0
8.49,29.56992799,0
8.5,29.57207298,0
8.51,29.57420728,0
8.52,29.57633093,0
8.53,29.57844399,0
8.54,29.58054651,0
8.55,29.58263854,0
8.56,29.58472014,0
8.57,29.58679135,0
8.58,29.58885224,0
8.59,29.59090285,0
8.6,29.59294323,0
8.61,29.59497343,0
8.62,29.59699351,0
8.63,29.59900352,0
8.64,29.60100349,0
8.65,29.6029935,0
8.66,29.60497358,0
8.67,29.60694378,0
8.68,29.60890415,0
8.69,29.61085475,0
8.7,29.61279562,0
8.71,29.61472681,0
8.72,29.61664837,0
8.73,29.61856034,0
8.74,29.62046278,0
8.75,29.62235573,0
8.76,29.62423924,0
8.77,29.62611336,0
8.78,29.62797812,0
8.79,29.62983359,0
8.8,29.6316798,0
8.81,29.63351681,0
8.82,29.63534465,0
8.83,29.63716338,0
8.84,29.63897303,0
8.85,29.64077366,0
8.86,29.64256531,0
8.87,29.64434802,0
8.88,29.64612184,0
8.89,29.64788682,0
8.9,29.64964299,0
8.91,29.6513904,0
8.92,29.6531291,0
8.93,29.65485913,0
8.94,29.65658052,0
8.95,29.65829334,0
8.96,29.65999761,0
8.97,29.66169337,0
8.98,29.66338069,0
8.99,29.66505958,0
9,29.6667301,0
9.01,29.66839229,0
9.02,29.67004619,0
9.03,29.67169185,0
9.04,29.67332929,0
9.05,29.67495857,0
9.06,29.67657972,0
9.07,29.67819278,0
9.08,29.6797978,0
9.09,29.68139482,0
9.1,29.68298387,0
9.11,29.68456499,0
9.12,29.68613823,0
9.13,29.68770362,0
9.14,29.68926121,0
9.15,29.69081102,0
9.16,29.69235311,0
9.17,29.69388751,0
9.18,29.69541425,0
9.19,29.69693338,0
9.2,29.69844493,0
9.21,29.69994894,0
9.22,29.70144545,0
9.23,29.7029345,0
9.24,29.70441612,0
9.25,29.70589035,0
9.26,29.70735723,0
9.27,29.70881679,0
9.28,29.71026907,0
9.29,29.71171411,0
9.3,29.71315194,0
9.31,29.7145826,0
9.32,29.71600613,0
9.33,29.71742255,0
9.34,29.71883191,0
9.35,29.72023425,0
9.36,29.72162958,0
9.37,29.72301796,0
9.38,29.72439942,0
9.39,29.72577398,0
9.4,29.72714169,0
9.41,29.72850257,0
9.42,29.72985667,0
9.43,29.73120402,0
9.44,29.73254464,0
9.45,29.73387858,0
9.46,29.73520587,0
9.47,29.73652654,0
9.48,29.73784061,0
9.49,29.73914814,0
9.5,29.74044914,0
9.51,29.74174366,0
9.52,29.74303172,0
9.53,29.74431335,0
9.54,29.7455886,0
9.55,29.74685748,0
9.56,29.74812003,0
9.57,29.74937629,0
9.58,29.75062628,0
9.59,29.75187004,0
9.6,29.75310759,0
9.61,29.75433897,0
9.62,29.75556421,0
9.63,29.75678334,0
9.64,29.75799639,0
9.65,29.75920338,0
9.66,29.76040436,0
9.67,29.76159935,0
9.68,29.76278838,0
9.69,29.76397148,0
9.7,29.76514867,0
9.71,29.76632,0
9.72,29.76748548,0
9.73,29.76864515,0
9.74,29.76979904,0
9.75,29.77094717,0
9.76,29.77208958,0
9.77,29.77322629,0
9.78,29.77435733,0
9.79,29.77548272,0
9.8,29.77660251,0
9.81,29.77771671,0
9.82,29.77882535,0
9.83,29.77992846,0
9.84,29.78102607,0
9.85,29.78211821,0
9.86,29.7832049,0
9.87,29.78428617,0
9.88,29.78536205,0
9.89,29.78643256,0
9.9,29.78749773,0
9.91,29.78855759,0
9.92,29.78961217,0
9.93,29.79066148,0
9.94,29.79170556,0
9.95,29.79274443,0
9.96,29.79377812,0
9.97,29.79480666,0
9.98,29.79583007,0
9.99,29.79684837,0
10,29.79786159,0
10.01,29.79886976,0
10.02,29.7998729,0
10.03,29.80087104,0
10.04,29.8018642,0
10.05,29.80285241,0
10.06,29.80383568,0
10.07,29.80481406,0
10.08,29.80578755,0
10.09,29.80675619,0
10.1,29.80772,0
10.11,29.808679,0
10.12,29.80963321,0
10.13,29.81058267,0
10.14,29.8115274,0
10.15,29.81246741,0
10.16,29.81340273,0
10.17,29.81433339,0
10.18,29.8152594,0
10.19,29.8161808,0
10.2,29.8170976,0
10.21,29.81800983,0
10.22,29.81891751,0
10.23,29.81982066,0
10.24,29.82071931,0
10.25,29.82161348,0
10.26,29.82250319,0
10.27,29.82338845,0
10.28,29.82426931,0
10.29,29.82514577,0
10.3,29.82601786,0
10.31,29.8268856,0
10.32,29.82774901,0
10.33,29.82860811,0
10.34,29.82946294,0
10.35,29.83031349,0
10.36,29.83115981,0
10.37,29.8320019,0
10.38,29.8328398,0
10.39,29.83367351,0
10.4,29.83450307,0
10.41,29.83532849,0
10.42,29.83614979,0
10.43,29.836967,0
10.44,29.83778013,0
10.45,29.8385892,0
10.46,29.83939424,0
10.47,29.84019527,0
10.48,29.84099229,0
10.49,29.84178535,0
10.5,29.84257445,0
10.51,29.84335961,0
10.52,29.84414086,0
10.53,29.84491821,0
10.54,29.84569168,0
10.55,29.8464613,0
10.56,29.84722708,0
10.57,29.84798903,0
10.58,29.84874719,0
10.59,29.84950157,0
10.6,29.85025218,0
10.61,29.85099905,0
10.62,29.8517422,0
10.63,29.85248164,0
10.64,29.85321739,0
10.65,29.85394947,0
10.66,29.8546779,0
10.67,29.8554027,0
10.68,29.85612388,0
10.69,29.85684146,0
10.7,29.85755547,0
10.71,29.85826592,0
10.72,29.85897282,0
10.73,29.85967619,0
10.74,29.86037606,0
10.75,29.86107244,0
10.76,29.86176534,0
10.77,29.86245479,0
10.78,29.8631408,0
10.79,29.86382339,0
10.8,29.86450257,0
10.81,29.86517837,0
10.82,29.86585079,0
10.83,29.86651987,0
10.84,29.8671856,0
10.85,29.86784802,0
10.86,29.86850713,0
10.87,29.86916295,0
10.88,29.8698155,0
10.89,29.8704648,0
10.9,29.87111086,0
10.91,29.8717537,0
10.92,29.87239333,0
10.93,29.87302977,0
10.94,29.87366304,0
10.95,29.87429314,0
10.96,29.87492011,0
10.97,29.87554395,0
10.98,29.87616467,0
10.99,29.87678231,0
11,29.87739686,0
11.01,29.87800834,0
11.02,29.87861678,0
11.03,29.87922218,0
11.04,29.87982456,0
11.05,29.88042394,0
11.06,29.88102033,0
11.07,29.88161374,0
11.08,29.88220419,0
11.09,29.8827917,0
11.1,29.88337628,0
11.11,29.88395795,0
11.12,29.88453671,0
11.13,29.88511258,0
11.14,29.88568559,0
11.15,29.88625573,0
11.16,29.88682303,0
11.17,29.88738751,0
11.18,29.88794916,0
11.19,29.88850802,0
11.2,29.88906409,0
11.21,29.88961738,0
11.22,29.89016792,0
11.23,29.89071571,0
11.24,29.89126077,0
11.25,29.89180311,0
11.26,29.89234274,0
11.27,29.89287968,0
11.28,29.89341395,0
11.29,29.89394555,0
11.3,29.8944745,0
11.31,29.89500081,0
11.32,29.89552449,0
11.33,29.89604557,0
11.34,29.89656404,0
11.35,29.89707993,0
11.36,29.89759325,0
11.37,29.898104,0
11.38,29.89861221,0
11.39,29.89911788,0
11.4,29.89962104,0
11.41,29.90012168,0
11.42,29.90061982,0
11.43,29.90111548,0
11.44,29.90160867,0
11.45,29.9020994,0
11.46,29.90258768,0
11.47,29.90307353,0
11.48,29.90355695,0
11.49,29.90403796,0
11.5,29.90451658,0
11.51,29.9049928,0
11.52,29.90546665,0
11.53,29.90593814,0
11.54,29.90640727,0
11.55,29.90687407,0
11.56,29.90733854,0
11.57,29.90780069,0
11.58,29.90826053,0
11.59,29.90871809,0
11.6,29.90917336,0
11.61,29.90962636,0
11.62,29.9100771,0
11.63,29.91052559,0
11.64,29.91097185,0
11.65,29.91141588,0
11.66,29.91185769,0
11.67,29.9122973,0
11.68,29.91273472,0
11.69,29.91316996,0
11.7,29.91360303,0
11.71,29.91403393,0
11.72,29.91446269,0
11.73,29.91488931,0
11.74,29.9153138,0
11.75,29.91573617,0
11.76,29.91615644,0
11.77,29.91657461,0
11.78,29.9169907,0
11.79,29.91740471,0
11.8,29.91781666,0
11.81,29.91822655,0
11.82,29.91863439,0
11.83,29.91904021,0
11.84,29.91944399,0
11.85,29.91984577,0
11.86,29.92024554,0
11.87,29.92064332,0
11.88,29.92103911,0
11.89,29.92143293,0
11.9,29.92182478,0
11.91,29.92221468,0
11.92,29.92260264,0
11.93,29.92298866,0
11.94,29.92337276,0
11.95,29.92375494,0
11.96,29.92413521,0
11.97,29.92451359,0
11.98,29.92489008,0
11.99,29.92526469,0
12,29.92563743,0
12.01,29.92600832,0
12.02,29.92637735,0
12.03,29.92674455,0
12.04,29.92710991,0
12.05,29.92747345,0
12.06,29.92783518,0
12.07,29.9281951,0
12.08,29.92855323,0
12.09,29.92890957,0
12.1,29.92926414,0
12.11,29.92961694,0
12.12,29.92996797,0
12.13,29.93031726,0
12.14,29.9306648,0
12.15,29.93101061,0
12.16,29.9313547,0
12.17,29.93169707,0
12.18,29.93203773,0
12.19,29.9323767,0
12.2,29.93271397,0
12.21,29.93304956,0
12.22,29.93338348,0
12.23,29.93371573,0
12.24,29.93404632,0
12.25,29.93437527,0
12.26,29.93470257,0
12.27,29.93502824,0
12.28,29.93535229,0
12.29,29.93567472,0
12.3,29.93599555,0
12.31,29.93631477,0
12.32,29.9366324,0
12.33,29.93694845,0
12.34,29.93726292,0
12.35,29.93757582,0
12.36,29.93788716,0
12.37,29.93819695,0
12.38,29.9385052,0
12.39,29.9388119,0
12.4,29.93911708,0
12.41,29.93942074,0
12.42,29.93972288,0
12.43,29.94002351,0
12.44,29.94032264,0
12.45,29.94062029,0
12.46,29.94091644,0
12.47,29.94121112,0
12.48,29.94150433,0
12.49,29.94179608,0
12.5,29.94208638,0
12.51,29.94237522,0
12.52,29.94266263,0
12.53,29.9429486,0
12.54,29.94323314,0
12.55,29.94351627,0
12.56,29.94379798,0
12.57,29.94407829,0
12.58,29.9443572,0
12.59,29.94463472,0
12.6,29.94491086,0
12.61,29.94518561,0
12.62,29.945459,0
12.63,29.94573103,0
12.64,29.94600169,0
12.65,29.94627101,0
12.66,29.94653899,0
12.67,29.94680562,0
12.68,29.94707093,0
12.69,29.94733492,0
12.7,29.94759759,0
12.71,29.94785894,0
12.72,29.948119,0
12.73,29.94837776,0
12.74,29.94863522,0
12.75,29.94889141,0
12.76,29.94914631,0
12.77,29.94939995,0
12.78,29.94965231,0
12.79,29.94990342,0
12.8,29.95015328,0
12.81,29.95040189,0
12.82,29.95064926,0
12.83,29.9508954,0
12.84,29.95114031,0
12.85,29.951384,0
12.86,29.95162647,0
12.87,29.95186774,0
12.88,29.9521078,0
12.89,29.95234666,0
12.9,29.95258433,0
12.91,29.95282082,0
12.92,29.95305613,0
12.93,29.95329026,0
12.94,29.95352323,0
12.95,29.95375503,0
12.96,29.95398568,0
12.97,29.95421518,0
12.98,29.95444353,0
12.99,29.95467074,0.5
13,29.95489682,0.5
13.01,29.95512178,0.5
13.02,29.95534561,0.5
13.03,29.95556832,0.5
13.04,29.95578993,0.5
13.05,29.95601043,0.5
13.06,29.95622982,0.5
13.07,29.95644813,0.5
13.08,29.95666535,0.5
13.09,29.95688148,0.5
13.1,29.95709653,0.5
13.11,29.95731051,0.5
13.12,29.95752343,0.5
13.13,29.95773528,0.5
13.14,29.95794608,0.5
13.15,29.95815582,0.5
13.16,29.95836452,0.5
13.17,29.95857218,0.5
13.18,29.9587788,0.5
13.19,29.95898439,0.5
13.2,29.95918896,0.5
13.21,29.9593925,0.5
13.22,29.95959504,0.5
13.23,29.95979656,0.5
13.24,29.95999707,0.5
13.25,29.96019659,0.5
13.26,29.96039511,0.5
13.27,29.96059264,0.5
13.28,29.96078918,0.5
13.29,29.96098475,0.5
13.3,29.96117934,0.5
13.31,29.96137296,0.5
13.32,29.96156561,0.5
13.33,29.9617573,0.5
13.34,29.96194804,0.5
13.35,29.96213782,0.5
13.36,29.96232666,0.5
13.37,29.96251456,0.5
13.38,29.96270152,0.5
13.39,29.96288754,0.5
13.4,29.96307264,0.5
13.41,29.96325682,0.5
13.42,29.96344008,0.5
13.43,29.96362242,0.5
13.44,29.96380385,0.5
13.45,29.96398438,0.5
13.46,29.96416401,0.5
13.47,29.96434274,0.5
13.48,29.96452059,0.5
13.49,29.96469754,0.5
13.5,29.96487361,0.5
13.51,29.9650488,0.5
13.52,29.96522312,0.5
13.53,29.96539658,0.5
13.54,29.96556916,0.5
13.55,29.96574089,0.5
13.56,29.96591175,0.5
13.57,29.96608177,0.5
13.58,29.96625094,0.5
13.59,29.96641926,0.5
13.6,29.96658675,0.5
13.61,29.96675339,0.5
13.62,29.96691921,0.5
13.63,29.9670842,0.5
13.64,29.96724837,0.5
13.65,29.96741172,0.5
13.66,29.96757426,0.5
13.67,29.96773598,0.5
13.68,29.9678969,0.5
13.69,29.96805701,0.5
13.7,29.96821633,0.5
13.71,29.96837485,0.5
13.72,29.96853258,0.5
13.73,29.96868953,0.5
13.74,29.96884569,0.5
13.75,29.96900107,0.5
13.76,29.96915568,0.5
13.77,29.96930952,0.5
13.78,29.96946258,0.5
13.79,29.96961489,0.5
13.8,29.96976644,0.5
13.81,29.96991723,0.5
13.82,29.97006727,0.5
13.83,29.97021656,0.5
13.84,29.9703651,0.5
13.85,29.97051291,0.5
13.86,29.97065997,0.5
13.87,29.97080631,0.5
13.88,29.97095191,0.5
13.89,29.97109679,0.5
13.9,29.97124095,0.5
13.91,29.97138438,0.5
13.92,29.9715271,0.5
13.93,29.97166911,0.5
13.94,29.97181041,0.5
13.95,29.97195101,0.5
13.96,29.9720909,0.5
13.97,29.9722301,0.5
13.98,29.9723686,0.5
13.99,29.97250642,0.5
14,29.97264354,0.5
14.01,29.97277998,0.5
14.02,29.97291574,0.5
14.03,29.97305083,0.5
14.04,29.97318524,0.5
14.05,29.97331897,0.5
14.06,29.97345205,0.5
14.07,29.97358446,0.5
14.08,29.9737162,0.5
14.09,29.97384729,0.5
14.1,29.97397773,0.5
14.11,29.97410752,0.5
14.12,29.97423666,0.5
14.13,29.97436515,0.5
14.14,29.97449301,0.5
14.15,29.97462022,0.5
14.16,29.97474681,0.5
14.17,29.97487276,0.5
14.18,29.97499808,0.5
14.19,29.97512278,0.5
14.2,29.97524685,0.5
14.21,29.97537031,0.5
14.22,29.97549315,0.5
14.23,29.97561538,0.5
14.24,29.975737,0.5
14.25,29.97585801,0.5
14.26,29.97597842,0.5
14.27,29.97609823,0.5
14.28,29.97621744,0.5
14.29,29.97633605,0.5
14.3,29.97645408,0.5
14.31,29.97657151,0.5
14.32,29.97668836,0.5
14.33,29.97680463,0.5
14.34,29.97692032,0.5
14.35,29.97703543,0.5
14.36,29.97714996,0.5
14.37,29.97726393,0.5
14.38,29.97737733,0.5
14.39,29.97749016,0.5
14.4,29.97760243,0.5
14.41,29.97771413,0.5
14.42,29.97782529,0.5
14.43,29.97793588,0.5
14.44,29.97804593,0.5
14.45,29.97815542,0.5
14.46,29.97826437,0.5
14.47,29.97837278,0.5
14.48,29.97848065,0.5
14.49,29.97858798,0.5
14.5,29.97869477,0.5
14.51,29.97880103,0.5
14.52,29.97890676,0.5
14.53,29.97901196,0.5
14.54,29.97911664,0.5
14.55,29.9792208,0.5
14.56,29.97932443,0.5
14.57,29.97942755,0.5
14.58,29.97953016,0.5
14.59,29.97963225,0.5
14.6,29.97973384,0.5
14.61,29.97983491,0.5
14.62,29.97993549,0.5
14.63,29.98003556,0.5
14.64,29.98013513,0.5
14.65,29.98023421,0.5
14.66,29.98033279,0.5
14.67,29.98043088,0.5
14.68,29.98052848,0.5
14.69,29.9806256,0.5
14.7,29.98072223,0.5
14.71,29.98081838,0.5
14.72,29.98091405,0.5
14.73,29.98100924,0.5
14.74,29.98110395,0.5
14.75,29.9811982,0.5
14.76,29.98129197,0.5
14.77,29.98138528,0.5
14.78,29.98147812,0.5
14.79,29.9815705,0.5
14.8,29.98166242,0.5
14.81,29.98175388,0.5
14.82,29.98184488,0.5
14.83,29.98193543,0.5
14.84,29.98202553,0.5
14.85,29.98211517,0.5
14.86,29.98220437,0.5
14.87,29.98229313,0.5
14.88,29.98238144,0.5
14.89,29.98246932,0.5
14.9,29.98255675,0.5
14.91,29.98264375,0.5
14.92,29.98273031,0.5
14.93,29.98281645,0.5
14.94,29.98290215,0.5
14.95,29.98298743,0.5
14.96,29.98307228,0.5
14.97,29.9831567,0.5
14.98,29.98324071,0.5
14.99,29.9833243,-0.5
15,29.98340747,-0.5
15.01,29.98349022,-0.5
15.02,29.98357257,-0.5
15.03,29.9836545,-0.5
15.04,29.98373602,-0.5
15.05,29.98381714,-0.5
15.06,29.98389785,-0.5
15.07,29.98397816,-0.5
15.08,29.98405807,-0.5
15.09,29.98413758,-0.5
15.1,29.9842167,-0.5
15.11,29.98429542,-0.5
15.12,29.98437374,-0.5
15.13,29.98445168,-0.5
15.14,29.98452923,-0.5
15.15,29.98460639,-0.5
15.16,29.98468316,-0.5
15.17,29.98475956,-0.5
15.18,29.98483557,-0.5
15.19,29.9849112,-0.5
15.2,29.98498646,-0.5
15.21,29.98506134,-0.5
15.22,29.98513584,-0.5
15.23,29.98520998,-0.5
15.24,29.98528375,-0.5
15.25,29.98535714,-0.5
15.26,29.98543017,-0.5
15.27,29.98550284,-0.5
15.28,29.98557515,-0.5
15.29,29.98564709,-0.5
15.3,29.98571868,-0.5
15.31,29.9857899,-0.5
15.32,29.98586078,-0.5
15.33,29.9859313,-0.5
15.34,29.98600147,-0.5
15.35,29.98607128,-0.5
15.36,29.98614075,-0.5
15.37,29.98620988,-0.5
15.38,29.98627865,-0.5
15.39,29.98634709,-0.5
15.4,29.98641518,-0.5
15.41,29.98648294,-0.5
15.42,29.98655036,-0.5
15.43,29.98661744,-0.5
15.44,29.98668418,-0.5
15.45,29.98675059,-0.5
15.46,29.98681668,-0.5
15.47,29.98688243,-0.5
15.48,29.98694785,-0.5
15.49,29.98701295,-0.5
15.5,29.98707772,-0.5
15.51,29.98714217,-0.5
15.52,29.9872063,-0.5
15.53,29.98727011,-0.5
15.54,29.9873336,-0.5
15.55,29.98739678,-0.5
15.56,29.98745963,-0.5
15.57,29.98752218,-0.5
15.58,29.98758441,-0.5
15.59,29.98764634,-0.5
15.6,29.98770795,-0.5
15.61,29.98776926,-0.5
15.62,29.98783026,-0.5
15.63,29.98789096,-0.5
15.64,29.98795135,-0.5
15.65,29.98801144,-0.5
15.66,29.98807124,-0.5
15.67,29.98813073,-0.5
15.68,29.98818993,-0.5
15.69,29.98824883,-0.5
15.7,29.98830744,-0.5
15.71,29.98836576,-0.5
15.72,29.98842378,-0.5
15.73,29.98848152,-0.5
15.74,29.98853897,-0.5
15.75,29.98859613,-0.5
15.76,29.98865301,-0.5
15.77,29.9887096,-0.5
15.78,29.98876591,-0.5
15.79,29.98882194,-0.5
15.8,29.98887769,-0.5
15.81,29.98893317,-0.5
15.82,29.98898836,-0.5
15.83,29.98904328,-0.5
15.84,29.98909793,-0.5
15.85,29.9891523,-0.5
15.86,29.98920641,-0.5
15.87,29.98926024,-0.5
15.88,29.98931381,-0.5
15.89,29.9893671,-0.5
15.9,29.98942014,-0.5
15.91,29.9894729,-0.5
15.92,29.98952541,-0.5
15.93,29.98957765,-0.5
15.94,29.98962963,-0.5
15.95,29.98968135,-0.5
15.96,29.98973282,-0.5
15.97,29.98978403,-0.5
15.98,29.98983498,-0.5
15.99,29.98988568,-0.5
16,29.98993612,-0.5
16.01,29.98998631,-0.5
16.02,29.99003626,-0.5
16.03,29.99008595,-0.5
16.04,29.9901354,-0.5
16.05,29.9901846,-0.5
16.06,29.99023355,-0.5
16.07,29.99028226,-0.5
16.08,29.99033073,-0.5
16.09,29.99037896,-0.5
16.1,29.99042694,-0.5
16.11,29.99047469,-0.5
16.12,29.9905222,-0.5
16.13,29.99056947,-0.5
16.14,29.9906165,-0.5
16.15,29.9906633,-0.5
16.16,29.99070987,-0.5
16.17,29.9907562,-0.5
16.18,29.99080231,-0.5
16.19,29.99084818,-0.5
16.2,29.99089383,-0.5
16.21,29.99093924,-0.5
16.22,29.99098443,-0.5
16.23,29.9910294,-0.5
16.24,29.99107414,-0.5
16.25,29.99111866,-0.5
16.26,29.99116295,-0.5
16.27,29.99120703,-0.5
16.28,29.99125088,-0.5
16.29,29.99129452,-0.5
16.3,29.99133794,-0.5
16.31,29.99138114,-0.5
16.32,29.99142413,-0.5
16.33,29.9914669,-0.5
16.34,29.99150946,-0.5
16.35,29.99155181,-0.5
16.36,29.99159394,-0.5
16.37,29.99163587,-0.5
16.38,29.99167758,-0.5
16.39,29.99171909,-0.5
16.4,29.99176039,-0.5
16.41,29.99180149,-0.5
16.42,29.99184238,-0.5
16.43,29.99188306,-0.5
16.44,29.99192355,-0.5
16.45,29.99196383,-0.5
16.46,29.99200391,-0.5
16.47,29.99204379,-0.5
16.48,29.99208347,-0.5
16.49,29.99212296,-0.5
16.5,29.99216224,-0.5
16.51,29.99220133,-0.5
16.52,29.99224023,-0.5
16.53,29.99227893,-0.5
16.54,29.99231744,-0.5
16.55,29.99235576,-0.5
16.56,29.99239388,-0.5
16.57,29.99243182,-0.5
16.58,29.99246957,-0.5
16.59,29.99250712,-0.5
16.6,29.9925445,-0.5
16.61,29.99258168,-0.5
16.62,29.99261868,-0.5
16.63,29.99265549,-0.5
16.64,29.99269212,-0.5
16.65,29.99272857,-0.5
16.66,29.99276484,-0.5
16.67,29.99280092,-0.5
16.68,29.99283683,-0.5
16.69,29.99287256,-0.5
16.7,29.9929081,-0.5
16.71,29.99294348,-0.5
16.72,29.99297867,-0.5
16.73,29.99301369,-0.5
16.74,29.99304853,-0.5
16.75,29.9930832,-0.5
16.76,29.9931177,-0.5
16.77,29.99315203,-0.5
16.78,29.99318618,-0.5
16.79,29.99322017,-0.5
16.8,29.99325398,-0.5
16.81,29.99328763,-0.5
16.82,29.9933211,-0.5
16.83,29.99335442,-0.5
16.84,29.99338756,-0.5
16.85,29.99342054,-0.5
16.86,29.99345336,-0.5
16.87,29.99348601,-0.5
16.88,29.9935185,-0.5
16.89,29.99355082,-0.5
16.9,29.99358299,-0.5
16.91,29.99361499,-0.5
16.92,29.99364684,-0.5
16.93,29.99367852,-0.5
16.94,29.99371005,-0.5
16.95,29.99374142,-0.5
16.96,29.99377264,-0.5
16.97,29.9938037,-0.5
16.98,29.9938346,-0.5
16.99,29.99386535,0
17,29.99389595,0
17.01,29.99392639,0
17.02,29.99395669,0
17.03,29.99398683,0
17.04,29.99401682,0
17.05,29.99404666,0
17.06,29.99407635,0
17.07,29.9941059,0
17.08,29.99413529,0
17.09,29.99416454,0
17.1,29.99419365,0
17.11,29.99422261,0
17.12,29.99425142,0
17.13,29.99428009,0
17.14,29.99430862,0
17.15,29.99433701,0
17.16,29.99436525,0
17.17,29.99439335,0
17.18,29.99442132,0
17.19,29.99444914,0
17.2,29.99447683,0
17.21,29.99450437,0
17.22,29.99453178,0
17.23,29.99455906,0
17.24,29.99458619,0
17.25,29.99461319,0
17.26,29.99464006,0
17.27,29.99466679,0
17.28,29.99469339,0
17.29,29.99471986,0
17.3,29.99474619,0
17.31,29.9947724,0
17.32,29.99479847,0
17.33,29.99482441,0
17.34,29.99485023,0
17.35,29.99487591,0
17.36,29.99490147,0
17.37,29.9949269,0
17.38,29.9949522,0
17.39,29.99497738,0
17.4,29.99500243,0
17.41,29.99502735,0
17.42,29.99505215,0
17.43,29.99507683,0
17.44,29.99510138,0
17.45,29.99512582,0
17.46,29.99515013,0
17.47,29.99517432,0
17.48,29.99519838,0
17.49,29.99522233,0
17.5,29.99524616,0
17.51,29.99526987,0
17.52,29.99529346,0
17.53,29.99531694,0
17.54,29.99534029,0
17.55,29.99536353,0
17.56,29.99538666,0
17.57,29.99540967,0
17.58,29.99543256,0
17.59,29.99545534,0
17.6,29.99547801,0
17.61,29.99550056,0
17.62,29.995523,0
17.63,29.99554533,0
17.64,29.99556755,0
17.65,29.99558966,0
17.66,29.99561165,0
17.67,29.99563354,0
17.68,29.99565532,0
17.69,29.99567699,0
17.7,29.99569855,0
17.71,29.99572,0
17.72,29.99574135,0
17.73,29.99576259,0
17.74,29.99578372,0
17.75,29.99580475,0
17.76,29.99582568,0
17.77,29.99584649,0
17.78,29.99586721,0
17.79,29.99588782,0
17.8,29.99590833,0
17.81,29.99592874,0
17.82,29.99594904,0
17.83,29.99596925,0
17.84,29.99598935,0
17.85,29.99600936,0
17.86,29.99602926,0
17.87,29.99604906,0
17.88,29.99606877,0
17.89,29.99608838,0
17.9,29.99610789,0
17.91,29.9961273,0
17.92,29.99614661,0
17.93,29.99616583,0
17.94,29.99618495,0
17.95,29.99620398,0
17.96,29.99622291,0
17.97,29.99624175,0
17.98,29.9962605,0
17.99,29.99627915,0
18,29.99629771,0
18.01,29.99631617,0
18.02,29.99633454,0
18.03,29.99635283,0
18.04,29.99637102,0
18.05,29.99638912,0
18.06,29.99640713,0
18.07,29.99642504,0
18.08,29.99644287,0
18.09,29.99646062,0
18.1,29.99647827,0
18.11,29.99649583,0
18.12,29.99651331,0
18.13,29.9965307,0
18.14,29.996548,0
18.15,29.99656522,0
18.16,29.99658235,0
18.17,29.9965994,0
18.18,29.99661636,0
18.19,29.99663323,0
18.2,29.99665003,0
18.21,29.99666673,0
18.22,29.99668336,0
18.23,29.9966999,0
18.24,29.99671636,0
18.25,29.99673274,0
18.26,29.99674903,0
18.27,29.99676525,0
18.28,29.99678138,0
18.29,29.99679743,0
18.3,29.99681341,0
18.31,29.9968293,0
18.32,29.99684511,0
18.33,29.99686085,0
18.34,29.9968765,0
18.35,29.99689208,0
18.36,29.99690758,0
18.37,29.99692301,0
18.38,29.99693835,0
18.39,29.99695362,0
18.4,29.99696882,0
18.41,29.99698394,0
18.42,29.99699898,0
18.43,29.99701395,0
18.44,29.99702884,0
18.45,29.99704366,0
18.46,29.9970584,0
18.47,29.99707307,0
18.48,29.99708767,0
18.49,29.9971022,0
18.5,29.99711665,0
18.51,29.99713103,0
18.52,29.99714534,0
18.53,29.99715958,0
18.54,29.99717374,0
18.55,29.99718784,0
18.56,29.99720187,0
18.57,29.99721582,0
18.58,29.99722971,0
18.59,29.99724353,0
18.6,29.99725727,0
18.61,29.99727095,0
18.62,29.99728456,0
18.63,29.99729811,0
18.64,29.99731158,0
18.65,29.99732499,0
18.66,29.99733833,0
18.67,29.99735161,0
18.68,29.99736482,0
18.69,29.99737796,0
18.7,29.99739104,0
18.71,29.99740405,0
18.72,29.997417,0
18.73,29.99742988,0
18.74,29.9974427,0
18.75,29.99745545,0
18.76,29.99746814,0
18.77,29.99748077,0
18.78,29.99749334,0
18.79,29.99750584,0
18.8,29.99751828,0
18.81,29.99753066,0
18.82,29.99754297,0
18.83,29.99755523,0
18.84,29.99756742,0
18.85,29.99757955,0
18.86,29.99759162,0
18.87,29.99760364,0
18.88,29.99761559,0
18.89,29.99762748,0
18.9,29.99763931,0
18.91,29.99765109,0
18.92,29.9976628,0
18.93,29.99767446,0
18.94,29.99768606,0
18.95,29.9976976,0
18.96,29.99770908,0
18.97,29.99772051,0
18.98,29.99773188,0
18.99,29.99774319,0
19,29.99775445,0
19.01,29.99776564,0
19.02,29.99777679,0
19.03,29.99778788,0
19.04,29.99779891,0
19.05,29.99780989,0
19.06,29.99782081,0
19.07,29.99783168,0
19.08,29.99784249,0
19.09,29.99785326,0
19.1,29.99786396,0
19.11,29.99787462,0
19.12,29.99788522,0
19.13,29.99789576,0
19.14,29.99790626,0
19.15,29.9979167,0
19.16,29.99792709,0
19.17,29.99793743,0
19.18,29.99794772,0
19.19,29.99795795,0
19.2,29.99796814,0
19.21,29.99797827,0
19.22,29.99798836,0
19.23,29.99799839,0
19.24,29.99800837,0
19.25,29.9980183,0
19.26,29.99802819,0
19.27,29.99803802,0
19.28,29.99804781,0
19.29,29.99805754,0
19.3,29.99806723,0
19.31,29.99807687,0
19.32,29.99808646,0
19.33,29.99809601,0
19.34,29.9981055,0
19.35,29.99811495,0
19.36,29.99812435,0
19.37,29.99813371,0
19.38,29.99814302,0
19.39,29.99815228,0
19.4,29.9981615,0
19.41,29.99817066,0
19.42,29.99817979,0
19.43,29.99818887,0
19.44,29.9981979,0
19.45,29.99820689,0
19.46,29.99821583,0
19.47,29.99822473,0
19.48,29.99823358,0
19.49,29.99824239,0
19.5,29.99825116,0
19.51,29.99825988,0
19.52,29.99826856,0
19.53,29.9982772,0
19.54,29.99828579,0
19.55,29.99829434,0
19.56,29.99830285,0
19.57,29.99831131,0
19.58,29.99831973,0
19.59,29.99832811,0
19.6,29.99833645,0
19.61,29.99834475,0
19.62,29.998353,0
19.63,29.99836122,0
19.64,29.99836939,0
19.65,29.99837753,0
19.66,29.99838562,0
19.67,29.99839367,0
19.68,29.99840168,0
19.69,29.99840965,0
19.7,29.99841758,0
19.71,29.99842548,0
19.72,29.99843333,0
19.73,29.99844114,0
19.74,29.99844892,0
19.75,29.99845665,0
19.76,29.99846435,0
19.77,29.99847201,0
19.78,29.99847963,0
19.79,29.99848721,0
19.8,29.99849476,0
19.81,29.99850227,0
19.82,29.99850974,0
19.83,29.99851717,0
19.84,29.99852457,0
19.85,29.99853192,0
19.86,29.99853925,0
19.87,29.99854653,0
19.88,29.99855378,0
19.89,29.99856099,0
19.9,29.99856817,0
19.91,29.99857531,0
19.92,29.99858242,0
19.93,29.99858949,0
19.94,29.99859652,0
19.95,29.99860352,0
19.96,29.99861049,0
19.97,29.99861742,0
19.98,29.99862431,0
19.99,29.99863118,0
20,29.998638,0
